Issue_ID,Book_ID,Member_ID,Issue_Date,Return_Date
1,1743,1879,1/13/2026,1/26/2026
2,1437,1731,1/19/2025,1/24/2025
3,2323,938,3/30/2025,4/14/2025
4,1949,813,4/18/2025,4/21/2025
5,2408,760,7/13/2025,7/27/2025
6,2719,1229,3/31/2026,4/18/2026
7,2327,517,11/5/2025,11/8/2025
8,2661,1358,1/19/2026,1/24/2026
9,2878,829,3/11/2026,3/15/2026
10,2633,1446,7/28/2025,8/11/2025
11,1624,1308,7/25/2025,8/2/2025
12,2743,623,4/11/2025,4/16/2025
13,1080,1685,1/16/2025,2/1/2025
14,1827,416,8/23/2025,8/26/2025
15,2613,525,10/7/2025,10/25/2025
16,2226,1424,3/1/2026,3/4/2026
17,2878,458,1/17/2026,1/26/2026
18,2951,1565,12/17/2025,12/24/2025
19,2607,491,11/3/2025,11/16/2025
20,1679,74,11/19/2025,11/30/2025
21,1036,1294,7/17/2025,7/29/2025
22,2972,871,8/28/2025,8/31/2025
23,2709,355,1/9/2025,1/15/2025
24,1039,829,4/25/2026,5/5/2026
25,1315,1593,4/16/2026,5/3/2026
26,1392,1557,2/9/2025,2/18/2025
27,2153,1904,3/1/2026,3/17/2026
28,2742,1822,4/22/2026,5/6/2026
29,2478,1606,7/8/2025,7/13/2025
30,1193,262,4/23/2025,5/2/2025
31,1711,1447,11/5/2025,11/16/2025
32,1870,541,4/19/2026,5/2/2026
33,2353,467,7/31/2025,8/14/2025
34,2658,449,2/8/2025,2/25/2025
35,2297,22,11/19/2025,11/30/2025
36,2228,1764,3/22/2026,4/10/2026
37,2934,1973,6/13/2025,6/22/2025
38,2176,1386,4/18/2026,5/2/2026
39,2436,404,6/5/2025,6/19/2025
40,1661,1832,12/5/2025,12/19/2025
41,2876,549,10/11/2025,10/31/2025
42,1184,773,5/1/2026,5/17/2026
43,2491,1183,4/8/2025,4/25/2025
44,1444,667,2/22/2026,3/3/2026
45,1011,1697,9/3/2025,9/20/2025
46,1259,1046,1/25/2025,2/6/2025
47,1602,1135,7/19/2025,7/24/2025
48,1661,660,10/25/2025,11/1/2025
49,1975,1862,3/25/2026,4/9/2026
50,2673,527,11/19/2025,11/26/2025
51,1773,1457,4/23/2025,5/3/2025
52,2260,1265,10/19/2025,11/2/2025
53,1618,949,10/2/2025,10/6/2025
54,2322,11,9/16/2025,9/30/2025
55,2021,1556,3/18/2025,4/5/2025
56,1067,801,2/23/2026,2/26/2026
57,2505,1816,12/2/2025,12/18/2025
58,1420,1738,3/5/2026,3/11/2026
59,2473,1700,12/17/2025,1/2/2026
60,1923,788,7/10/2025,7/26/2025
61,2023,374,8/6/2025,8/11/2025
62,2986,381,9/20/2025,9/29/2025
63,2610,740,2/21/2025,3/9/2025
64,1789,1973,4/23/2025,5/1/2025
65,2457,1226,12/22/2025,1/5/2026
66,2101,1363,7/9/2025,7/16/2025
67,1526,1128,3/23/2025,4/2/2025
68,2647,163,5/7/2025,5/12/2025
69,2008,1561,4/14/2025,4/30/2025
70,1659,451,4/21/2026,4/25/2026
71,1880,173,4/28/2026,5/3/2026
72,2660,1968,6/13/2025,6/21/2025
73,2987,725,9/2/2025,9/12/2025
74,2662,581,1/15/2026,1/24/2026
75,2897,1583,3/27/2025,4/13/2025
76,2396,58,1/5/2026,1/11/2026
77,2094,626,2/22/2025,3/5/2025
78,2473,1837,2/6/2026,2/12/2026
79,2854,948,5/26/2025,6/4/2025
80,2517,59,1/8/2026,1/18/2026
81,2715,697,8/1/2025,8/6/2025
82,1926,1146,8/27/2025,9/13/2025
83,1886,566,11/24/2025,12/4/2025
84,2177,1804,7/14/2025,7/19/2025
85,1205,214,7/24/2025,8/8/2025
86,1720,812,7/6/2025,7/20/2025
87,2881,1909,9/2/2025,9/20/2025
88,2686,1635,4/16/2025,4/25/2025
89,1238,1507,3/14/2025,3/23/2025
90,2175,1735,2/26/2026,3/1/2026
91,1998,1850,1/3/2026,1/11/2026
92,2800,637,6/25/2025,7/6/2025
93,2592,1427,2/15/2025,2/24/2025
94,1289,1662,5/8/2026,5/28/2026
95,2985,1458,12/4/2025,12/15/2025
96,2166,1599,5/3/2025,5/9/2025
97,1853,660,6/3/2025,6/22/2025
98,1731,318,3/10/2026,3/30/2026
99,2036,467,9/26/2025,10/13/2025
100,1425,1135,11/25/2025,12/8/2025
101,1263,1856,3/21/2026,4/3/2026
102,1810,1994,10/6/2025,10/13/2025
103,1076,61,1/3/2026,1/15/2026
104,1834,1941,12/31/2025,1/4/2026
105,2744,88,3/9/2026,3/23/2026
106,2185,1485,9/14/2025,10/1/2025
107,2304,1033,12/17/2025,1/3/2026
108,1818,828,6/1/2025,6/21/2025
109,1519,998,12/13/2025,12/26/2025
110,2927,1996,2/10/2025,2/13/2025
111,1648,133,2/5/2026,2/12/2026
112,1112,125,12/2/2025,12/16/2025
113,1660,1783,11/23/2025,12/8/2025
114,1878,1862,4/21/2025,4/28/2025
115,1698,10,4/30/2025,5/12/2025
116,1543,829,4/26/2025,5/5/2025
117,1964,831,5/2/2026,5/14/2026
118,2595,1217,4/29/2026,5/17/2026
119,1035,956,8/27/2025,9/7/2025
120,2897,1082,8/18/2025,9/4/2025
121,2221,750,8/7/2025,8/16/2025
122,1349,1946,11/22/2025,12/8/2025
123,2131,725,3/31/2025,4/17/2025
124,1048,1806,11/15/2025,12/4/2025
125,1766,1489,4/21/2025,4/27/2025
126,1134,667,1/21/2025,2/7/2025
127,1187,1064,11/18/2025,11/24/2025
128,1469,1437,4/18/2026,5/2/2026
129,1265,499,2/16/2025,3/1/2025
130,1548,503,6/29/2025,7/9/2025
131,2190,75,9/18/2025,10/3/2025
132,2564,1486,1/8/2025,1/19/2025
133,1239,997,5/24/2025,6/11/2025
134,1574,199,12/10/2025,12/26/2025
135,2871,705,3/6/2026,3/10/2026
136,2100,1231,9/7/2025,9/21/2025
137,1878,1486,5/16/2025,5/25/2025
138,2161,1539,7/15/2025,7/23/2025
139,1144,1152,11/29/2025,12/13/2025
140,1578,963,3/6/2026,3/23/2026
141,1414,676,4/2/2026,4/16/2026
142,1349,1811,7/16/2025,7/30/2025
143,1514,1118,8/16/2025,8/30/2025
144,1454,1524,1/5/2026,1/12/2026
145,1681,1362,3/19/2026,3/27/2026
146,1255,285,1/2/2026,1/5/2026
147,1270,1146,3/25/2026,4/3/2026
148,1783,1552,9/17/2025,9/21/2025
149,1696,968,3/13/2025,3/20/2025
150,1033,797,8/26/2025,9/1/2025
151,1177,1530,3/16/2025,3/31/2025
152,1175,1044,4/3/2026,4/10/2026
153,1310,1178,5/14/2025,5/26/2025
154,2995,1819,2/25/2026,3/10/2026
155,2185,908,12/18/2025,12/24/2025
156,2570,1934,2/13/2025,3/4/2025
157,2870,1939,11/30/2025,12/3/2025
158,2581,737,4/9/2025,4/28/2025
159,1235,1990,4/26/2026,5/13/2026
160,2201,1662,4/7/2025,4/10/2025
161,2703,1767,1/13/2025,2/2/2025
162,2293,1390,2/23/2025,3/7/2025
163,2890,1338,1/11/2025,1/27/2025
164,2673,1107,10/9/2025,10/17/2025
165,2474,1876,11/3/2025,11/14/2025
166,1048,1155,4/1/2025,4/5/2025
167,1355,1496,4/7/2025,4/16/2025
168,2303,737,4/16/2026,4/22/2026
169,1227,1223,1/25/2025,2/6/2025
170,1001,104,3/27/2025,4/5/2025
171,1352,864,4/11/2026,4/21/2026
172,2995,290,10/20/2025,10/30/2025
173,2048,957,4/26/2026,4/29/2026
174,2944,1683,9/9/2025,9/13/2025
175,2820,523,3/17/2025,4/4/2025
176,2596,1424,8/26/2025,9/15/2025
177,2244,1730,7/2/2025,7/15/2025
178,1853,484,12/6/2025,12/23/2025
179,1955,982,3/1/2026,3/15/2026
180,1385,681,9/11/2025,9/14/2025
181,2737,686,4/9/2025,4/15/2025
182,2566,1746,8/27/2025,8/31/2025
183,1536,1394,12/21/2025,12/29/2025
184,1918,1472,10/8/2025,10/18/2025
185,2592,353,8/10/2025,8/17/2025
186,2045,1168,10/30/2025,11/3/2025
187,2667,990,2/24/2026,3/9/2026
188,2131,522,1/15/2026,1/27/2026
189,2084,1026,4/9/2026,4/20/2026
190,2954,502,5/16/2026,5/31/2026
191,1704,1752,9/25/2025,10/5/2025
192,2170,653,6/7/2025,6/18/2025
193,1536,498,10/23/2025,11/7/2025
194,2343,1016,11/3/2025,11/8/2025
195,2127,1376,3/26/2025,4/9/2025
196,2108,1791,10/22/2025,10/30/2025
197,2914,905,11/3/2025,11/8/2025
198,1651,154,9/2/2025,9/16/2025
199,2061,443,2/24/2026,3/16/2026
200,1728,703,4/24/2025,5/1/2025
201,2049,1117,10/4/2025,10/23/2025
202,2302,1797,3/29/2025,4/6/2025
203,2202,419,1/25/2026,2/3/2026
204,1065,1163,4/16/2025,5/6/2025
205,1386,1988,11/22/2025,12/8/2025
206,1678,1393,8/24/2025,9/9/2025
207,1647,1679,3/8/2026,3/11/2026
208,1474,1834,4/2/2025,4/9/2025
209,1998,355,8/3/2025,8/23/2025
210,1256,1687,9/18/2025,9/24/2025
211,1033,1269,10/26/2025,11/1/2025
212,2798,172,8/27/2025,9/4/2025
213,1287,1432,10/7/2025,10/12/2025
214,2649,1666,1/7/2025,1/23/2025
215,1391,708,3/12/2026,3/23/2026
216,2847,1303,3/7/2026,3/24/2026
217,2610,950,1/30/2026,2/17/2026
218,1958,1294,11/4/2025,11/22/2025
219,1210,690,3/8/2026,3/19/2026
220,1936,1161,6/24/2025,6/29/2025
221,1575,808,12/16/2025,12/31/2025
222,1620,281,6/19/2025,6/24/2025
223,1301,370,5/13/2025,5/16/2025
224,2763,256,4/6/2025,4/21/2025
225,1827,350,4/18/2026,4/28/2026
226,1709,1271,1/1/2026,1/13/2026
227,1816,1862,9/28/2025,10/5/2025
228,1743,468,2/28/2025,3/15/2025
229,1436,1409,1/7/2025,1/13/2025
230,1161,60,1/23/2026,2/7/2026
231,1726,792,10/19/2025,11/2/2025
232,2257,1537,3/1/2025,3/8/2025
233,1430,954,3/26/2025,4/4/2025
234,2086,372,4/28/2026,5/8/2026
235,1992,461,8/25/2025,9/5/2025
236,1026,254,7/20/2025,7/23/2025
237,1480,653,3/30/2025,4/3/2025
238,1856,968,6/11/2025,6/17/2025
239,1559,1184,3/13/2025,3/17/2025
240,2107,703,7/2/2025,7/11/2025
241,1580,1473,9/11/2025,9/18/2025
242,1745,1765,5/29/2025,6/1/2025
243,2558,1231,9/11/2025,9/14/2025
244,1476,103,2/8/2026,2/18/2026
245,1603,370,10/14/2025,11/3/2025
246,1603,1126,2/22/2026,3/12/2026
247,1253,379,2/5/2025,2/14/2025
248,1657,271,3/31/2026,4/3/2026
249,2526,105,9/16/2025,9/23/2025
250,2724,460,4/11/2025,4/19/2025
251,2787,1348,2/26/2026,3/5/2026
252,2324,1860,4/25/2025,5/15/2025
253,2471,1520,5/5/2025,5/15/2025
254,2863,1059,10/20/2025,11/1/2025
255,1479,1726,11/12/2025,11/28/2025
256,1776,1202,1/4/2026,1/11/2026
257,2891,1355,12/7/2025,12/14/2025
258,1787,1031,3/31/2025,4/15/2025
259,2166,1083,3/21/2025,3/27/2025
260,1395,1359,3/7/2025,3/27/2025
261,1992,474,3/29/2026,4/6/2026
262,2974,663,8/29/2025,9/3/2025
263,2017,257,4/5/2026,4/9/2026
264,2035,1751,8/17/2025,8/24/2025
265,1814,1711,3/10/2026,3/30/2026
266,2910,1630,7/20/2025,7/26/2025
267,1337,1806,5/12/2026,5/15/2026
268,1548,1279,4/10/2025,4/20/2025
269,1088,75,7/14/2025,7/25/2025
270,2981,1314,9/4/2025,9/21/2025
271,2814,272,2/11/2025,2/27/2025
272,1435,1731,3/19/2026,4/4/2026
273,1003,550,11/14/2025,11/17/2025
274,1486,311,1/19/2026,1/22/2026
275,2380,967,1/3/2026,1/12/2026
276,2320,327,10/21/2025,11/1/2025
277,1566,763,9/14/2025,9/23/2025
278,2652,1597,7/19/2025,7/22/2025
279,2793,1114,7/12/2025,7/17/2025
280,1606,3,1/13/2026,1/29/2026
281,2989,402,6/3/2025,6/9/2025
282,1736,1331,8/31/2025,9/6/2025
283,2251,17,4/24/2025,5/2/2025
284,1771,1184,5/9/2026,5/24/2026
285,2301,1789,1/24/2025,2/1/2025
286,2295,520,10/4/2025,10/11/2025
287,1279,203,9/3/2025,9/18/2025
288,2253,503,7/4/2025,7/21/2025
289,1344,920,5/24/2025,6/1/2025
290,1399,1995,4/24/2026,5/11/2026
291,1394,1439,7/22/2025,7/27/2025
292,1381,898,3/28/2026,4/13/2026
293,1100,1355,1/27/2025,2/1/2025
294,2835,1716,3/22/2026,3/29/2026
295,1389,1237,3/15/2025,3/31/2025
296,1204,657,7/20/2025,8/8/2025
297,1582,1409,8/12/2025,8/27/2025
298,1090,68,4/8/2025,4/24/2025
299,1515,774,1/23/2026,2/5/2026
300,1178,666,9/12/2025,9/24/2025
301,1109,172,2/25/2026,3/4/2026
302,2681,1007,1/30/2025,2/7/2025
303,2508,85,6/23/2025,7/9/2025
304,2841,1499,8/16/2025,8/22/2025
305,1415,773,9/7/2025,9/18/2025
306,1457,1513,3/27/2025,4/12/2025
307,1795,1554,3/17/2026,3/31/2026
308,2432,963,12/25/2025,12/31/2025
309,1670,1620,11/10/2025,11/25/2025
310,1113,159,12/1/2025,12/11/2025
311,2173,437,5/16/2025,5/20/2025
312,2123,1279,8/10/2025,8/19/2025
313,2976,76,1/10/2026,1/19/2026
314,2315,1547,2/3/2025,2/15/2025
315,2087,1367,2/4/2025,2/7/2025
316,2541,1387,5/15/2026,5/18/2026
317,1923,323,2/18/2026,2/25/2026
318,2337,1760,1/26/2025,1/30/2025
319,1459,404,1/29/2026,2/8/2026
320,1927,499,10/8/2025,10/11/2025
321,2328,298,8/6/2025,8/16/2025
322,2074,1126,7/7/2025,7/11/2025
323,2986,72,7/2/2025,7/18/2025
324,2530,18,2/19/2026,3/5/2026
325,2170,825,4/23/2025,5/11/2025
326,2415,964,5/14/2026,5/23/2026
327,2902,1746,5/24/2025,6/1/2025
328,2833,220,7/8/2025,7/20/2025
329,2114,821,1/4/2025,1/23/2025
330,2218,1162,10/13/2025,10/28/2025
331,1268,1476,3/17/2026,3/23/2026
332,2302,1969,3/25/2025,4/5/2025
333,2587,1648,7/4/2025,7/8/2025
334,1788,1303,5/26/2025,6/4/2025
335,2979,942,3/15/2026,3/20/2026
336,1316,1399,3/14/2026,3/18/2026
337,2892,288,1/26/2025,2/2/2025
338,2858,1772,8/21/2025,8/29/2025
339,2162,288,3/18/2025,3/26/2025
340,2247,255,6/10/2025,6/20/2025
341,1227,100,7/5/2025,7/16/2025
342,1112,1269,4/1/2025,4/7/2025
343,1097,615,4/2/2026,4/12/2026
344,1013,1409,3/14/2025,4/3/2025
345,2911,938,12/6/2025,12/14/2025
346,1027,252,1/17/2025,2/2/2025
347,1082,1609,4/3/2025,4/8/2025
348,1980,1704,1/24/2025,2/6/2025
349,2604,555,5/2/2026,5/19/2026
350,2138,1729,1/17/2026,2/4/2026
351,2621,1400,2/21/2025,3/12/2025
352,1458,637,10/15/2025,10/25/2025
353,1848,983,1/26/2026,2/15/2026
354,2590,1183,1/12/2025,1/24/2025
355,1898,414,1/2/2026,1/20/2026
356,2678,303,1/6/2026,1/21/2026
357,2655,359,4/10/2026,4/18/2026
358,2696,447,2/3/2025,2/16/2025
359,1202,703,9/13/2025,9/16/2025
360,2811,1882,1/14/2026,1/17/2026
361,2280,1367,9/21/2025,10/4/2025
362,1412,1263,5/8/2025,5/15/2025
363,1431,1497,9/27/2025,10/11/2025
364,1328,1556,3/18/2026,3/31/2026
365,2424,347,8/1/2025,8/18/2025
366,1765,1586,7/21/2025,8/4/2025
367,1400,1982,6/5/2025,6/16/2025
368,1239,727,4/11/2026,4/25/2026
369,2506,1181,11/11/2025,11/19/2025
370,2671,359,3/17/2025,3/28/2025
371,2078,537,4/28/2026,5/17/2026
372,1459,1296,10/18/2025,10/28/2025
373,2340,1382,8/27/2025,9/5/2025
374,2340,1370,5/9/2025,5/20/2025
375,2900,352,9/9/2025,9/22/2025
376,1009,1342,7/8/2025,7/20/2025
377,2227,781,1/7/2025,1/26/2025
378,1581,1434,1/22/2026,2/7/2026
379,1298,1856,4/27/2026,5/11/2026
380,1173,1177,3/7/2025,3/13/2025
381,2563,213,10/22/2025,10/27/2025
382,1459,740,2/22/2026,3/2/2026
383,1452,1969,3/7/2026,3/11/2026
384,1852,1599,7/9/2025,7/25/2025
385,1897,800,10/8/2025,10/19/2025
386,2875,1488,3/8/2026,3/11/2026
387,2543,1553,9/30/2025,10/14/2025
388,1148,733,8/24/2025,9/8/2025
389,1717,916,10/25/2025,10/31/2025
390,1865,1591,5/25/2025,5/31/2025
391,1887,941,5/28/2025,6/15/2025
392,2619,1687,3/15/2025,3/24/2025
393,1819,288,7/11/2025,7/20/2025
394,1065,346,9/23/2025,10/6/2025
395,1158,1299,9/27/2025,10/3/2025
396,1030,1281,11/15/2025,11/24/2025
397,1964,1692,9/6/2025,9/19/2025
398,1354,1229,3/14/2026,3/30/2026
399,2728,66,6/19/2025,6/29/2025
400,2723,1914,2/1/2026,2/13/2026
401,1071,11,2/13/2025,2/16/2025
402,1452,1277,12/11/2025,12/28/2025
403,2240,660,6/13/2025,6/26/2025
404,1591,1651,2/19/2025,2/26/2025
405,1159,1256,5/16/2025,6/5/2025
406,1963,1320,7/25/2025,8/7/2025
407,2162,638,6/14/2025,6/22/2025
408,2647,867,1/22/2025,2/3/2025
409,2136,1226,1/9/2025,1/29/2025
410,2595,1359,4/19/2025,4/26/2025
411,2191,929,2/19/2025,3/11/2025
412,2903,685,1/25/2026,2/5/2026
413,1731,861,2/20/2025,2/26/2025
414,1888,790,1/9/2026,1/26/2026
415,1696,16,1/19/2025,2/8/2025
416,1389,795,5/5/2026,5/11/2026
417,1980,889,5/1/2025,5/13/2025
418,1810,904,12/15/2025,12/29/2025
419,2984,175,8/22/2025,9/7/2025
420,1986,598,2/9/2026,2/21/2026
421,1318,1380,9/6/2025,9/11/2025
422,2997,1392,2/17/2025,2/23/2025
423,1816,1562,12/1/2025,12/20/2025
424,2589,1925,4/2/2025,4/16/2025
425,2753,1911,4/4/2025,4/9/2025
426,2070,1883,5/2/2026,5/18/2026
427,2618,1580,1/9/2025,1/19/2025
428,2163,374,5/16/2026,6/1/2026
429,2681,939,9/24/2025,9/29/2025
430,2760,754,1/26/2025,2/4/2025
431,1292,477,6/18/2025,6/24/2025
432,1992,339,11/20/2025,11/23/2025
433,1416,1167,9/9/2025,9/21/2025
434,1929,96,5/14/2025,5/25/2025
435,1153,987,6/3/2025,6/16/2025
436,1992,100,3/25/2026,4/11/2026
437,2000,741,7/6/2025,7/23/2025
438,2880,403,1/10/2025,1/24/2025
439,1148,1862,12/20/2025,12/27/2025
440,2744,834,2/9/2025,2/21/2025
441,1542,1403,7/30/2025,8/12/2025
442,2366,554,12/14/2025,1/2/2026
443,1462,1824,3/5/2025,3/20/2025
444,1971,1615,1/13/2026,1/18/2026
445,2149,1792,3/12/2025,3/20/2025
446,1724,489,9/21/2025,10/11/2025
447,2547,1556,5/25/2025,5/30/2025
448,1753,1555,3/24/2025,4/10/2025
449,1443,812,2/15/2026,3/4/2026
450,1532,6,1/25/2025,2/6/2025
451,2539,582,6/20/2025,6/28/2025
452,1594,417,2/4/2026,2/19/2026
453,2939,1420,6/2/2025,6/16/2025
454,2848,582,3/20/2026,4/7/2026
455,2497,909,3/29/2026,4/9/2026
456,2587,435,5/3/2026,5/12/2026
457,1784,77,4/15/2025,4/27/2025
458,2142,1312,2/13/2026,2/16/2026
459,1794,709,2/27/2025,3/13/2025
460,2375,137,1/29/2026,2/8/2026
461,1470,1297,1/12/2026,1/16/2026
462,2489,766,9/26/2025,10/16/2025
463,2436,655,2/5/2026,2/21/2026
464,2699,1117,5/15/2026,5/28/2026
465,2553,569,6/2/2025,6/6/2025
466,2343,771,5/12/2025,5/29/2025
467,2581,72,11/1/2025,11/16/2025
468,2805,79,10/13/2025,10/24/2025
469,1523,1798,9/27/2025,10/7/2025
470,2394,445,1/31/2025,2/15/2025
471,1571,1969,6/23/2025,7/10/2025
472,1611,197,1/21/2026,2/5/2026
473,2932,1066,4/18/2026,5/8/2026
474,2617,337,12/16/2025,12/25/2025
475,1909,534,4/25/2026,5/14/2026
476,2146,66,1/9/2025,1/25/2025
477,1654,109,6/21/2025,6/29/2025
478,1971,470,4/7/2025,4/23/2025
479,2349,1818,9/2/2025,9/22/2025
480,2586,716,12/1/2025,12/6/2025
481,1347,1467,1/1/2026,1/17/2026
482,2382,1816,10/29/2025,11/18/2025
483,2755,677,6/29/2025,7/5/2025
484,1104,249,2/5/2025,2/14/2025
485,1419,1141,3/10/2025,3/16/2025
486,1956,775,6/18/2025,6/25/2025
487,2600,1582,6/9/2025,6/12/2025
488,1763,976,8/22/2025,8/29/2025
489,2284,980,10/8/2025,10/25/2025
490,2957,1716,12/10/2025,12/27/2025
491,1079,1144,7/26/2025,7/31/2025
492,2328,268,10/9/2025,10/23/2025
493,2703,846,6/17/2025,7/5/2025
494,1252,125,1/2/2025,1/16/2025
495,1512,420,5/4/2026,5/18/2026
496,2515,1315,12/16/2025,12/20/2025
497,2508,1079,7/15/2025,7/27/2025
498,2335,1944,1/13/2026,1/28/2026
499,1278,96,12/16/2025,12/20/2025
500,2752,1870,3/22/2026,3/31/2026
501,2216,1822,1/2/2026,1/12/2026
502,1711,1993,7/17/2025,7/30/2025
503,1077,1657,8/19/2025,9/2/2025
504,1172,1779,1/21/2025,1/27/2025
505,1310,112,1/17/2026,1/22/2026
506,2617,202,5/7/2026,5/10/2026
507,2579,1828,1/6/2025,1/22/2025
508,2124,1076,6/12/2025,6/22/2025
509,1405,949,4/13/2026,4/23/2026
510,1818,28,8/20/2025,9/6/2025
511,1420,592,1/28/2025,2/9/2025
512,2766,559,12/20/2025,12/30/2025
513,2198,1742,6/13/2025,6/24/2025
514,1150,539,10/16/2025,10/30/2025
515,2668,849,10/3/2025,10/12/2025
516,1300,1157,3/23/2025,4/8/2025
517,1023,665,4/24/2025,5/9/2025
518,2410,892,7/14/2025,7/19/2025
519,2049,1018,4/2/2026,4/8/2026
520,1135,1847,5/2/2025,5/20/2025
521,1637,1161,1/22/2026,1/30/2026
522,2167,642,12/7/2025,12/18/2025
523,2141,1971,6/26/2025,7/6/2025
524,2930,230,1/27/2026,2/11/2026
525,2426,526,5/25/2025,6/4/2025
526,2162,955,7/25/2025,8/14/2025
527,2138,394,2/18/2026,3/1/2026
528,2695,1105,4/16/2025,4/24/2025
529,1634,1283,4/10/2025,4/20/2025
530,2734,134,2/7/2026,2/12/2026
531,1473,431,1/19/2026,1/30/2026
532,1405,1740,10/25/2025,11/8/2025
533,2980,800,3/19/2025,3/26/2025
534,2078,1212,8/22/2025,8/27/2025
535,1400,973,3/20/2025,3/29/2025
536,1699,1856,8/24/2025,8/31/2025
537,2653,1375,1/29/2025,2/2/2025
538,2758,1456,4/17/2025,5/6/2025
539,1427,1654,3/11/2026,3/18/2026
540,2243,1618,12/3/2025,12/10/2025
541,2671,1703,1/31/2026,2/17/2026
542,1934,473,1/23/2025,2/5/2025
543,1797,561,4/13/2025,4/18/2025
544,1728,1064,2/16/2025,2/19/2025
545,1671,631,12/27/2025,1/4/2026
546,1531,216,8/31/2025,9/18/2025
547,1738,1083,8/25/2025,9/6/2025
548,1191,1475,4/21/2025,5/7/2025
549,2570,465,3/17/2026,3/29/2026
550,2560,574,1/22/2026,2/7/2026
551,1443,1741,5/10/2026,5/16/2026
552,1567,878,10/18/2025,10/27/2025
553,1007,1315,6/29/2025,7/2/2025
554,1250,1894,9/2/2025,9/15/2025
555,2133,1471,7/10/2025,7/20/2025
556,1224,70,2/8/2025,2/14/2025
557,1106,1736,7/31/2025,8/12/2025
558,1726,1877,3/5/2026,3/9/2026
559,2772,914,4/4/2025,4/17/2025
560,2319,935,6/16/2025,6/19/2025
561,2039,1335,1/19/2025,2/7/2025
562,1827,223,11/26/2025,11/30/2025
563,2337,1933,2/13/2026,3/1/2026
564,2633,1936,12/18/2025,1/6/2026
565,1785,881,2/20/2025,3/6/2025
566,1297,615,3/19/2026,3/25/2026
567,2753,777,7/16/2025,7/26/2025
568,2511,1120,8/20/2025,9/4/2025
569,2886,1743,9/1/2025,9/17/2025
570,2289,1521,3/26/2025,4/1/2025
571,1449,250,12/15/2025,12/19/2025
572,1753,345,2/1/2025,2/19/2025
573,2205,1344,1/11/2026,1/21/2026
574,2977,1825,11/29/2025,12/17/2025
575,2553,853,10/31/2025,11/4/2025
576,1762,1617,2/6/2026,2/23/2026
577,2455,357,10/24/2025,11/4/2025
578,2864,456,4/18/2025,5/6/2025
579,2758,433,8/26/2025,9/8/2025
580,2804,1525,3/5/2025,3/13/2025
581,1110,1729,5/14/2026,5/22/2026
582,2471,895,2/20/2026,2/26/2026
583,2359,389,9/21/2025,9/27/2025
584,1454,1980,1/31/2026,2/15/2026
585,1893,763,7/27/2025,8/1/2025
586,2396,1122,8/13/2025,8/30/2025
587,2241,214,4/10/2026,4/26/2026
588,1023,1880,2/15/2026,3/4/2026
589,2345,888,12/31/2025,1/20/2026
590,1825,1390,1/19/2025,1/23/2025
591,1867,697,1/29/2025,2/15/2025
592,2023,539,1/30/2025,2/16/2025
593,2345,1494,4/16/2026,5/2/2026
594,2963,1171,9/7/2025,9/15/2025
595,1261,1887,10/27/2025,11/1/2025
596,2923,815,6/14/2025,6/19/2025
597,1510,698,5/3/2025,5/7/2025
598,2353,435,11/12/2025,11/24/2025
599,1905,1491,3/28/2026,4/11/2026
600,2034,427,12/13/2025,12/22/2025
601,1559,865,3/5/2025,3/11/2025
602,2294,1374,11/17/2025,12/3/2025
603,1258,1653,6/5/2025,6/15/2025
604,2819,484,5/24/2025,6/4/2025
605,1241,1401,4/13/2026,4/16/2026
606,2589,1863,2/16/2026,2/20/2026
607,2066,277,3/19/2026,4/1/2026
608,2220,660,2/18/2025,3/7/2025
609,1130,1221,10/25/2025,11/5/2025
610,2788,1918,3/25/2026,4/4/2026
611,2758,618,6/2/2025,6/18/2025
612,2744,1336,3/27/2025,4/4/2025
613,1353,292,5/29/2025,6/8/2025
614,1960,1858,5/5/2026,5/15/2026
615,2871,759,12/9/2025,12/27/2025
616,2181,698,12/6/2025,12/9/2025
617,1758,1525,7/22/2025,7/26/2025
618,2566,976,5/3/2025,5/16/2025
619,1742,1064,1/13/2025,1/31/2025
620,2765,1920,2/9/2025,2/14/2025
621,2775,110,2/21/2026,2/28/2026
622,1762,1428,8/14/2025,8/19/2025
623,1495,320,2/6/2026,2/17/2026
624,2499,1322,5/11/2025,5/30/2025
625,2005,1340,7/5/2025,7/20/2025
626,2021,1618,3/20/2026,3/28/2026
627,2665,1489,6/19/2025,7/9/2025
628,1568,1209,8/1/2025,8/10/2025
629,2146,1561,7/24/2025,8/10/2025
630,1439,1675,2/14/2025,2/17/2025
631,1068,375,7/4/2025,7/9/2025
632,2237,1013,11/5/2025,11/23/2025
633,1868,1014,7/19/2025,7/29/2025
634,1488,46,7/5/2025,7/22/2025
635,2323,1748,9/22/2025,9/30/2025
636,1382,1172,3/30/2025,4/16/2025
637,1097,826,4/28/2025,5/4/2025
638,1083,1440,11/25/2025,12/14/2025
639,1272,1852,4/19/2025,5/2/2025
640,2808,1385,10/26/2025,11/4/2025
641,2163,799,1/12/2026,1/19/2026
642,1905,1397,2/8/2025,2/15/2025
643,2812,1484,5/4/2026,5/15/2026
644,2108,1449,9/5/2025,9/19/2025
645,2468,82,10/13/2025,10/23/2025
646,1539,1128,4/3/2025,4/17/2025
647,2046,1918,2/22/2026,3/1/2026
648,2980,144,2/15/2026,2/28/2026
649,1297,1955,9/24/2025,10/12/2025
650,1441,1509,5/5/2025,5/15/2025
651,2229,1663,6/30/2025,7/10/2025
652,1256,1450,11/15/2025,11/28/2025
653,2065,555,6/15/2025,6/22/2025
654,1715,1575,3/15/2025,4/1/2025
655,2855,1973,5/19/2025,6/3/2025
656,2521,1043,1/23/2025,2/9/2025
657,2275,658,5/15/2025,5/31/2025
658,1616,1907,1/18/2025,2/1/2025
659,2509,100,2/11/2026,2/21/2026
660,2058,1370,1/17/2026,1/21/2026
661,1427,1851,4/11/2025,4/22/2025
662,1998,1184,2/23/2025,3/9/2025
663,2796,1148,2/3/2026,2/9/2026
664,1390,1667,1/9/2025,1/18/2025
665,1255,436,6/29/2025,7/14/2025
666,2629,196,5/2/2025,5/10/2025
667,1477,1757,8/24/2025,9/3/2025
668,1712,60,10/30/2025,11/2/2025
669,1354,175,7/11/2025,7/15/2025
670,2100,599,8/30/2025,9/8/2025
671,2354,954,1/19/2025,1/30/2025
672,2794,1570,1/11/2025,1/21/2025
673,1286,848,3/27/2025,4/15/2025
674,2174,382,4/20/2026,5/4/2026
675,1920,678,2/3/2026,2/21/2026
676,2559,1941,11/14/2025,11/19/2025
677,1107,717,2/25/2025,3/12/2025
678,2999,924,2/18/2025,2/27/2025
679,1886,1351,3/3/2026,3/19/2026
680,2739,1195,4/7/2025,4/11/2025
681,1474,731,7/22/2025,7/29/2025
682,2517,747,3/7/2026,3/11/2026
683,1437,1901,6/18/2025,6/30/2025
684,1898,393,1/17/2025,1/30/2025
685,1991,111,6/2/2025,6/5/2025
686,1758,1756,8/8/2025,8/12/2025
687,1865,580,10/15/2025,10/27/2025
688,2080,1403,5/16/2026,6/1/2026
689,1798,1282,5/22/2025,5/26/2025
690,2496,425,4/18/2025,4/22/2025
691,1203,1491,3/5/2026,3/11/2026
692,2534,448,1/19/2025,2/1/2025
693,2156,972,6/9/2025,6/25/2025
694,2341,235,2/1/2025,2/14/2025
695,2626,1954,2/5/2025,2/8/2025
696,2143,721,3/26/2026,4/9/2026
697,1258,885,12/15/2025,12/19/2025
698,1561,1586,4/1/2025,4/7/2025
699,1314,2,5/5/2026,5/21/2026
700,1873,627,4/11/2025,4/27/2025
701,1894,321,1/24/2026,2/6/2026
702,2418,537,1/31/2026,2/20/2026
703,1292,98,12/25/2025,12/31/2025
704,1131,1425,1/23/2025,2/9/2025
705,2744,1783,9/22/2025,10/12/2025
706,2271,1420,5/14/2025,5/26/2025
707,1978,496,10/13/2025,10/21/2025
708,1002,1441,4/11/2026,4/19/2026
709,1527,228,6/7/2025,6/27/2025
710,2082,44,1/31/2025,2/8/2025
711,1129,1230,7/2/2025,7/22/2025
712,2715,733,11/16/2025,11/19/2025
713,2048,56,9/24/2025,10/1/2025
714,1874,779,9/22/2025,9/30/2025
715,1020,1821,1/31/2026,2/17/2026
716,1164,187,7/30/2025,8/18/2025
717,2686,1648,1/6/2025,1/14/2025
718,2055,789,2/23/2026,3/8/2026
719,2458,507,5/31/2025,6/8/2025
720,1029,1298,1/1/2025,1/18/2025
721,2577,464,3/9/2026,3/18/2026
722,2216,1786,9/15/2025,9/22/2025
723,2229,587,1/20/2025,1/25/2025
724,1625,205,4/17/2025,4/22/2025
725,2001,2000,2/28/2026,3/13/2026
726,2244,1809,2/2/2025,2/6/2025
727,2615,888,1/8/2025,1/28/2025
728,1363,1314,3/9/2026,3/12/2026
729,2121,1782,3/20/2025,4/9/2025
730,2853,584,4/5/2026,4/11/2026
731,1345,626,7/13/2025,7/20/2025
732,1324,270,1/8/2026,1/23/2026
733,2080,1399,5/27/2025,6/9/2025
734,2537,1269,2/1/2026,2/16/2026
735,1563,1081,11/16/2025,12/4/2025
736,2538,1588,5/26/2025,6/12/2025
737,1009,1660,6/8/2025,6/11/2025
738,1557,1710,2/8/2026,2/22/2026
739,1819,834,2/9/2026,2/17/2026
740,1994,1054,7/28/2025,8/15/2025
741,2613,506,1/26/2025,2/15/2025
742,1485,123,5/3/2025,5/20/2025
743,1958,1200,5/14/2026,5/20/2026
744,1889,1130,2/24/2026,3/12/2026
745,1549,1370,11/28/2025,12/12/2025
746,2100,877,1/29/2025,2/12/2025
747,2315,1594,6/20/2025,7/5/2025
748,2179,1017,7/23/2025,7/26/2025
749,2316,1195,1/25/2025,2/1/2025
750,1059,1452,6/24/2025,7/6/2025
751,2638,1751,5/1/2026,5/16/2026
752,2338,1613,2/10/2025,2/26/2025
753,2364,1528,9/25/2025,10/10/2025
754,1684,155,2/5/2025,2/14/2025
755,2130,1069,2/11/2025,2/15/2025
756,2532,603,1/3/2026,1/7/2026
757,2399,1772,6/14/2025,6/19/2025
758,2649,1989,4/27/2026,5/8/2026
759,2312,1861,2/10/2025,2/16/2025
760,1546,1124,1/5/2025,1/13/2025
761,2068,1072,11/7/2025,11/11/2025
762,1683,336,1/31/2025,2/20/2025
763,1047,515,10/16/2025,10/25/2025
764,1851,1960,11/1/2025,11/17/2025
765,2745,854,1/4/2026,1/19/2026
766,2615,1017,4/17/2025,4/25/2025
767,1403,1756,4/2/2025,4/7/2025
768,2031,37,10/16/2025,10/26/2025
769,2784,432,12/2/2025,12/22/2025
770,2967,1364,4/27/2025,5/14/2025
771,2592,322,10/27/2025,11/15/2025
772,1477,1148,4/18/2026,5/6/2026
773,1166,1525,9/14/2025,10/1/2025
774,2968,688,3/31/2025,4/14/2025
775,1150,1187,8/25/2025,9/3/2025
776,1084,1378,8/26/2025,9/1/2025
777,2591,1173,4/8/2026,4/12/2026
778,1606,274,7/8/2025,7/14/2025
779,1505,340,6/19/2025,7/3/2025
780,1186,704,2/5/2026,2/11/2026
781,2379,316,4/12/2025,4/17/2025
782,2685,1806,7/7/2025,7/15/2025
783,1494,1465,11/30/2025,12/6/2025
784,2705,1712,8/29/2025,9/15/2025
785,2301,225,3/25/2025,4/12/2025
786,1216,1073,2/5/2025,2/23/2025
787,2381,852,12/4/2025,12/18/2025
788,2684,716,8/1/2025,8/14/2025
789,2041,680,1/18/2025,2/1/2025
790,2956,322,8/17/2025,8/21/2025
791,1216,336,3/25/2025,4/1/2025
792,2933,482,6/4/2025,6/18/2025
793,2980,1233,12/7/2025,12/17/2025
794,2195,678,6/26/2025,6/29/2025
795,2541,148,4/26/2026,5/3/2026
796,2165,1314,2/12/2025,2/26/2025
797,1715,1922,2/17/2026,3/8/2026
798,2961,1619,8/31/2025,9/17/2025
799,2636,935,6/29/2025,7/4/2025
800,2919,125,11/17/2025,12/3/2025
801,2532,1145,7/16/2025,7/25/2025
802,1670,455,5/31/2025,6/4/2025
803,2496,1759,12/4/2025,12/19/2025
804,2009,894,1/9/2025,1/24/2025
805,1436,1862,6/3/2025,6/20/2025
806,2964,1169,11/18/2025,12/3/2025
807,1303,1664,5/18/2025,5/23/2025
808,2753,1975,1/4/2025,1/14/2025
809,1648,171,9/7/2025,9/20/2025
810,2832,354,6/6/2025,6/13/2025
811,1416,1039,1/1/2025,1/20/2025
812,1123,546,1/12/2026,1/31/2026
813,1195,536,2/20/2026,3/10/2026
814,1571,744,6/20/2025,7/2/2025
815,2902,1356,11/23/2025,12/3/2025
816,2263,936,10/7/2025,10/16/2025
817,2188,1537,2/3/2025,2/23/2025
818,1774,288,12/22/2025,1/2/2026
819,1194,690,10/9/2025,10/16/2025
820,1610,297,11/27/2025,12/3/2025
821,1309,1329,3/30/2026,4/3/2026
822,2463,1325,4/29/2026,5/2/2026
823,1481,191,7/28/2025,8/5/2025
824,1935,269,4/13/2025,4/24/2025
825,2689,364,2/22/2026,3/12/2026
826,1612,48,8/6/2025,8/20/2025
827,1560,1645,7/13/2025,7/18/2025
828,2738,15,3/12/2025,3/30/2025
829,1752,1705,6/4/2025,6/12/2025
830,1548,13,3/24/2025,3/29/2025
831,2366,1584,3/7/2025,3/20/2025
832,2050,1109,3/1/2026,3/15/2026
833,1228,1595,12/2/2025,12/9/2025
834,2987,919,1/24/2026,2/2/2026
835,2912,1540,5/22/2025,5/31/2025
836,2666,412,4/18/2025,5/5/2025
837,1187,833,9/22/2025,9/27/2025
838,2254,1670,7/28/2025,8/13/2025
839,1356,1692,10/12/2025,10/29/2025
840,2171,1473,3/25/2026,4/12/2026
841,2932,414,5/14/2025,5/20/2025
842,2288,765,6/4/2025,6/10/2025
843,1187,9,6/9/2025,6/23/2025
844,1198,1257,4/20/2025,5/3/2025
845,2396,819,4/19/2025,5/6/2025
846,1409,510,7/16/2025,8/5/2025
847,2661,264,8/12/2025,8/28/2025
848,2284,738,6/30/2025,7/11/2025
849,2936,1410,3/5/2025,3/9/2025
850,2446,767,1/3/2026,1/18/2026
851,1655,168,9/9/2025,9/17/2025
852,1504,629,11/6/2025,11/23/2025
853,1854,1150,3/19/2026,4/8/2026
854,1817,817,10/24/2025,11/13/2025
855,2770,445,3/3/2026,3/10/2026
856,2539,327,4/9/2025,4/12/2025
857,1610,658,6/27/2025,7/4/2025
858,2358,51,3/27/2026,4/1/2026
859,2437,532,1/26/2025,1/30/2025
860,1385,1112,9/17/2025,9/26/2025
861,1685,1920,4/27/2026,5/7/2026
862,1446,1633,9/21/2025,10/6/2025
863,1250,444,2/11/2025,2/23/2025
864,2477,768,2/25/2025,3/8/2025
865,2110,262,2/6/2026,2/26/2026
866,1404,1353,5/17/2025,5/22/2025
867,2561,1830,1/24/2026,2/6/2026
868,1833,1951,1/9/2025,1/23/2025
869,2688,1794,2/14/2025,2/23/2025
870,1039,1839,3/24/2026,3/28/2026
871,2885,1144,8/18/2025,8/30/2025
872,2554,37,5/2/2025,5/21/2025
873,1359,1604,7/18/2025,8/4/2025
874,1070,19,8/14/2025,9/3/2025
875,1978,1263,3/8/2025,3/20/2025
876,2453,72,9/5/2025,9/25/2025
877,1505,402,1/18/2026,2/4/2026
878,1881,1625,2/6/2025,2/9/2025
879,1009,1811,3/1/2026,3/8/2026
880,1554,661,1/30/2025,2/19/2025
881,1007,1112,2/4/2025,2/14/2025
882,2665,1871,3/10/2025,3/16/2025
883,1569,986,6/28/2025,7/7/2025
884,2278,295,3/31/2025,4/17/2025
885,1649,332,5/11/2026,5/31/2026
886,2921,1210,5/13/2026,5/28/2026
887,2222,1384,4/17/2025,4/29/2025
888,1937,898,12/5/2025,12/16/2025
889,1359,321,3/11/2025,3/19/2025
890,2529,665,9/13/2025,9/29/2025
891,1543,1722,3/28/2025,4/4/2025
892,2329,1477,3/30/2026,4/19/2026
893,2891,827,12/4/2025,12/7/2025
894,1558,1339,2/13/2026,3/5/2026
895,2114,723,4/22/2026,4/30/2026
896,2096,514,1/10/2026,1/16/2026
897,2775,1297,1/23/2025,1/31/2025
898,1050,1858,12/21/2025,1/6/2026
899,2181,1109,2/3/2025,2/6/2025
900,2104,1704,1/5/2025,1/22/2025
901,2236,1578,8/9/2025,8/23/2025
902,1113,20,3/16/2025,3/24/2025
903,2947,113,7/8/2025,7/13/2025
904,1318,1700,3/4/2025,3/11/2025
905,1524,450,4/26/2026,4/29/2026
906,2386,1845,10/20/2025,10/29/2025
907,1833,706,2/6/2025,2/20/2025
908,1788,1041,1/12/2026,1/30/2026
909,2474,1130,4/8/2025,4/19/2025
910,2623,489,4/8/2025,4/24/2025
911,1206,662,7/14/2025,7/23/2025
912,2388,490,3/28/2025,4/12/2025
913,2901,761,6/12/2025,7/2/2025
914,1425,333,2/17/2026,2/21/2026
915,2270,934,6/14/2025,6/26/2025
916,1384,1697,2/21/2025,2/24/2025
917,1753,416,1/23/2026,2/12/2026
918,2591,330,3/23/2025,4/3/2025
919,1772,1147,2/26/2025,3/7/2025
920,1423,135,8/10/2025,8/22/2025
921,2029,948,5/25/2025,6/12/2025
922,2784,532,4/27/2025,5/1/2025
923,2178,1506,6/16/2025,7/1/2025
924,2892,1337,3/9/2026,3/16/2026
925,1925,345,6/22/2025,7/5/2025
926,2650,933,9/25/2025,10/1/2025
927,2923,1,3/6/2025,3/13/2025
928,1270,224,7/16/2025,7/24/2025
929,2296,1764,10/12/2025,10/21/2025
930,2593,1181,2/26/2025,3/2/2025
931,1458,1108,1/24/2026,2/11/2026
932,1601,186,7/23/2025,8/6/2025
933,1755,1527,3/15/2026,3/25/2026
934,1540,572,1/13/2025,1/19/2025
935,1635,374,5/29/2025,6/18/2025
936,1660,1765,8/9/2025,8/27/2025
937,2123,1579,7/12/2025,7/23/2025
938,1856,718,7/26/2025,8/4/2025
939,2881,914,2/6/2025,2/26/2025
940,1812,720,6/5/2025,6/17/2025
941,1584,266,12/29/2025,1/1/2026
942,2532,662,3/30/2026,4/5/2026
943,2057,1213,5/2/2025,5/12/2025
944,1288,1231,12/18/2025,12/31/2025
945,2935,716,5/15/2026,5/19/2026
946,2668,1914,3/27/2025,4/7/2025
947,2460,1922,9/29/2025,10/14/2025
948,1615,1817,1/31/2025,2/10/2025
949,2053,1527,6/22/2025,7/5/2025
950,1005,1694,11/5/2025,11/9/2025
951,2676,15,7/31/2025,8/12/2025
952,2198,579,2/20/2025,2/27/2025
953,1560,107,2/25/2025,3/1/2025
954,2023,107,3/18/2026,4/5/2026
955,2755,395,4/8/2026,4/17/2026
956,2730,715,1/13/2026,1/17/2026
957,2052,464,5/24/2025,6/7/2025
958,2009,1901,6/14/2025,6/27/2025
959,2212,1290,4/21/2026,4/25/2026
960,1264,1165,2/14/2026,2/21/2026
961,2463,112,4/7/2025,4/17/2025
962,1072,105,4/18/2026,4/23/2026
963,1846,1605,4/8/2025,4/22/2025
964,2926,398,2/12/2026,2/20/2026
965,1765,1351,2/20/2026,3/1/2026
966,1053,863,5/5/2025,5/15/2025
967,2329,791,6/13/2025,7/3/2025
968,2356,1334,3/8/2025,3/21/2025
969,1927,1547,3/10/2025,3/16/2025
970,2660,823,5/28/2025,6/12/2025
971,1425,1668,2/17/2026,2/23/2026
972,2993,1472,12/29/2025,1/11/2026
973,2409,806,10/29/2025,11/12/2025
974,1625,144,7/19/2025,8/5/2025
975,1996,1478,9/4/2025,9/8/2025
976,1669,1886,5/13/2026,5/19/2026
977,1652,840,4/4/2025,4/12/2025
978,2173,1891,3/20/2026,3/27/2026
979,2487,1664,3/30/2025,4/7/2025
980,1827,180,3/22/2026,4/5/2026
981,2816,1237,11/12/2025,11/21/2025
982,2523,1816,1/7/2026,1/14/2026
983,2930,767,1/16/2026,2/3/2026
984,1626,992,5/20/2025,5/28/2025
985,1274,1265,1/18/2025,2/2/2025
986,1627,702,2/19/2026,3/8/2026
987,1705,1592,11/9/2025,11/15/2025
988,1496,224,4/9/2026,4/25/2026
989,1247,666,1/3/2025,1/20/2025
990,2235,1932,11/9/2025,11/27/2025
991,1208,1031,4/19/2026,4/28/2026
992,1610,848,1/12/2025,2/1/2025
993,1871,1295,4/16/2025,4/29/2025
994,1342,1516,11/1/2025,11/10/2025
995,1100,1012,2/16/2026,2/24/2026
996,1354,23,8/11/2025,8/17/2025
997,1170,935,12/3/2025,12/7/2025
998,1713,389,10/19/2025,11/4/2025
999,1731,974,9/28/2025,10/2/2025
1000,1751,372,2/20/2026,2/25/2026
1001,2736,496,2/2/2026,2/17/2026
1002,2068,529,12/28/2025,1/2/2026
1003,2153,840,10/11/2025,10/15/2025
1004,1547,892,3/16/2025,4/4/2025
1005,1885,447,4/23/2025,5/6/2025
1006,1443,739,10/14/2025,10/20/2025
1007,2121,329,10/7/2025,10/25/2025
1008,1782,1706,1/24/2026,2/6/2026
1009,2524,820,2/27/2025,3/9/2025
1010,2697,1829,3/30/2026,4/15/2026
1011,2265,588,8/26/2025,9/10/2025
1012,2670,433,12/23/2025,12/30/2025
1013,1050,1111,3/6/2026,3/19/2026
1014,1652,1817,2/6/2025,2/11/2025
1015,1993,1252,8/5/2025,8/9/2025
1016,1239,32,12/27/2025,1/15/2026
1017,2377,498,11/27/2025,12/14/2025
1018,2780,777,8/29/2025,9/10/2025
1019,2607,1117,6/29/2025,7/10/2025
1020,2449,1422,2/3/2026,2/12/2026
1021,1127,1434,12/19/2025,1/8/2026
1022,2323,254,5/10/2026,5/30/2026
1023,2145,1900,12/6/2025,12/12/2025
1024,2667,95,10/2/2025,10/8/2025
1025,1361,1513,5/4/2026,5/9/2026
1026,2680,1647,5/29/2025,6/14/2025
1027,1172,235,4/9/2026,4/13/2026
1028,2234,299,3/26/2026,4/4/2026
1029,1018,380,5/4/2026,5/21/2026
1030,1439,1971,4/11/2025,4/20/2025
1031,1744,1031,3/25/2025,3/28/2025
1032,1478,93,1/24/2026,1/27/2026
1033,1341,1627,3/10/2026,3/17/2026
1034,1487,1656,4/16/2026,4/22/2026
1035,1297,427,3/18/2026,4/3/2026
1036,1106,145,11/29/2025,12/13/2025
1037,1584,625,12/13/2025,12/27/2025
1038,2648,966,1/25/2025,2/3/2025
1039,2066,95,1/15/2025,1/20/2025
1040,2021,439,2/11/2026,2/16/2026
1041,1038,1824,2/28/2025,3/6/2025
1042,2576,1725,1/17/2025,2/2/2025
1043,1235,93,1/30/2026,2/16/2026
1044,1002,1223,1/9/2025,1/29/2025
1045,2384,516,5/12/2025,5/18/2025
1046,2551,762,6/6/2025,6/14/2025
1047,2101,698,1/28/2025,2/3/2025
1048,2041,1134,6/22/2025,6/29/2025
1049,2116,572,7/31/2025,8/5/2025
1050,2703,897,10/2/2025,10/7/2025
1051,1108,1420,2/20/2025,2/26/2025
1052,2311,79,1/26/2025,1/31/2025
1053,1851,1393,3/14/2025,3/23/2025
1054,2145,1593,6/5/2025,6/25/2025
1055,1582,1322,1/18/2026,1/28/2026
1056,1146,1266,2/11/2025,3/2/2025
1057,1630,1587,5/16/2025,6/4/2025
1058,2258,557,8/19/2025,9/6/2025
1059,1508,1726,8/9/2025,8/25/2025
1060,1220,1526,1/16/2025,1/30/2025
1061,2029,1422,3/29/2025,4/5/2025
1062,1341,1276,3/19/2025,4/5/2025
1063,1850,775,1/4/2025,1/7/2025
1064,2647,974,6/17/2025,7/6/2025
1065,1035,1489,5/9/2026,5/21/2026
1066,1174,1495,1/7/2025,1/10/2025
1067,2433,996,3/9/2025,3/19/2025
1068,1215,173,3/23/2026,4/1/2026
1069,1206,393,3/9/2026,3/20/2026
1070,2803,618,2/22/2026,3/1/2026
1071,1297,1100,3/11/2025,3/24/2025
1072,2201,1462,3/7/2025,3/13/2025
1073,2897,461,7/22/2025,8/9/2025
1074,1449,1126,1/27/2025,2/13/2025
1075,1973,1712,10/9/2025,10/28/2025
1076,2488,615,10/22/2025,10/31/2025
1077,2760,593,4/17/2025,5/1/2025
1078,2300,1269,1/6/2026,1/9/2026
1079,2934,1084,1/30/2026,2/17/2026
1080,2290,1565,1/16/2026,1/24/2026
1081,2422,291,7/21/2025,8/1/2025
1082,1906,769,5/2/2026,5/13/2026
1083,2210,1277,5/2/2026,5/10/2026
1084,1610,877,1/15/2025,2/1/2025
1085,2566,881,7/28/2025,8/13/2025
1086,2508,1099,7/19/2025,7/27/2025
1087,1394,392,11/10/2025,11/25/2025
1088,2373,1391,2/8/2025,2/25/2025
1089,1480,1501,9/26/2025,10/9/2025
1090,2551,157,12/31/2025,1/15/2026
1091,1254,796,5/26/2025,6/1/2025
1092,2255,832,1/12/2025,1/21/2025
1093,1806,515,10/12/2025,10/29/2025
1094,2893,1895,4/21/2026,4/26/2026
1095,1202,1047,5/2/2025,5/17/2025
1096,2352,591,5/27/2025,6/13/2025
1097,2764,895,3/5/2026,3/16/2026
1098,1490,712,9/29/2025,10/16/2025
1099,1711,1659,6/15/2025,6/25/2025
1100,1516,1300,3/17/2026,3/20/2026
1101,2545,988,9/16/2025,9/22/2025
1102,2864,616,1/25/2026,2/7/2026
1103,1546,1110,1/28/2025,2/1/2025
1104,1367,1175,7/20/2025,8/4/2025
1105,1686,1737,4/8/2026,4/13/2026
1106,1652,1741,5/16/2025,5/19/2025
1107,2051,224,6/2/2025,6/12/2025
1108,1922,1376,4/2/2026,4/17/2026
1109,1678,550,9/15/2025,9/29/2025
1110,2031,1317,9/3/2025,9/12/2025
1111,2689,106,4/22/2026,5/6/2026
1112,1837,1108,4/21/2026,5/6/2026
1113,1976,57,5/8/2026,5/21/2026
1114,2238,928,3/3/2025,3/16/2025
1115,1218,530,8/24/2025,9/12/2025
1116,1001,1398,3/12/2025,3/21/2025
1117,2110,9,12/9/2025,12/26/2025
1118,1055,1484,2/6/2025,2/13/2025
1119,1012,1258,10/13/2025,10/17/2025
1120,2001,1850,2/5/2025,2/22/2025
1121,1725,859,1/10/2026,1/25/2026
1122,2951,344,1/9/2025,1/18/2025
1123,2202,162,1/16/2025,1/23/2025
1124,1488,17,4/16/2025,4/25/2025
1125,1490,1858,9/1/2025,9/14/2025
1126,1833,796,5/1/2026,5/8/2026
1127,1406,1868,9/26/2025,10/14/2025
1128,2694,1741,7/25/2025,8/5/2025
1129,2554,454,9/23/2025,10/5/2025
1130,2640,738,4/18/2026,4/26/2026
1131,1557,1833,1/15/2025,1/31/2025
1132,2436,710,7/6/2025,7/12/2025
1133,2846,1516,6/27/2025,7/5/2025
1134,2882,150,7/29/2025,8/3/2025
1135,1480,1980,2/11/2026,2/21/2026
1136,1441,562,12/1/2025,12/5/2025
1137,2867,1538,3/13/2025,3/26/2025
1138,2354,1391,3/25/2026,4/3/2026
1139,1398,1241,1/18/2025,2/5/2025
1140,1495,1579,1/2/2026,1/8/2026
1141,2091,1426,1/11/2025,1/30/2025
1142,1162,1809,5/19/2025,5/22/2025
1143,2049,818,9/2/2025,9/6/2025
1144,2774,1849,5/11/2026,5/17/2026
1145,1832,807,11/23/2025,12/9/2025
1146,2727,991,10/27/2025,11/10/2025
1147,1957,1565,7/11/2025,7/24/2025
1148,2050,302,1/7/2026,1/18/2026
1149,2811,332,2/7/2026,2/27/2026
1150,1867,279,5/13/2026,5/19/2026
1151,1410,1443,1/12/2026,1/17/2026
1152,2424,1172,7/23/2025,8/8/2025
1153,2365,899,5/26/2025,6/14/2025
1154,1370,1166,1/26/2025,2/8/2025
1155,1770,560,4/12/2025,4/25/2025
1156,2108,814,8/24/2025,8/31/2025
1157,2520,1448,5/5/2025,5/12/2025
1158,2189,1463,1/19/2026,2/1/2026
1159,2777,1719,4/15/2025,4/25/2025
1160,1977,1925,7/13/2025,7/16/2025
1161,1279,1510,12/19/2025,12/31/2025
1162,1698,697,1/26/2026,2/4/2026
1163,2917,1507,4/30/2026,5/11/2026
1164,1054,1027,5/10/2026,5/14/2026
1165,1832,1181,2/7/2025,2/17/2025
1166,2058,1216,4/25/2026,5/3/2026
1167,2682,1786,10/15/2025,10/19/2025
1168,2330,504,9/28/2025,10/7/2025
1169,1704,890,5/3/2025,5/22/2025
1170,1111,1414,3/12/2026,3/25/2026
1171,2680,1149,11/26/2025,11/29/2025
1172,1694,1906,11/25/2025,12/12/2025
1173,1331,1515,1/6/2026,1/19/2026
1174,1013,804,4/26/2025,5/14/2025
1175,1581,1132,5/2/2026,5/6/2026
1176,1588,298,8/11/2025,8/14/2025
1177,2284,826,4/22/2026,4/29/2026
1178,1994,1276,1/1/2025,1/17/2025
1179,1414,1471,5/14/2026,5/21/2026
1180,2298,1009,3/2/2025,3/15/2025
1181,1646,725,8/12/2025,8/17/2025
1182,1445,1280,4/17/2025,4/22/2025
1183,2656,1806,8/3/2025,8/9/2025
1184,2132,274,10/20/2025,11/5/2025
1185,1861,883,9/15/2025,9/30/2025
1186,2917,1279,8/23/2025,9/10/2025
1187,2169,507,5/4/2025,5/20/2025
1188,1053,657,2/27/2026,3/4/2026
1189,1559,1299,6/28/2025,7/8/2025
1190,2365,343,8/2/2025,8/15/2025
1191,1396,1216,6/26/2025,7/6/2025
1192,2008,321,12/24/2025,12/31/2025
1193,2399,459,3/29/2025,4/5/2025
1194,2542,781,10/1/2025,10/5/2025
1195,1983,1617,7/11/2025,7/24/2025
1196,1734,1490,10/11/2025,10/25/2025
1197,1963,843,2/14/2026,2/24/2026
1198,2792,488,3/23/2026,4/9/2026
1199,2879,1385,9/22/2025,9/28/2025
1200,1310,1239,3/16/2025,3/25/2025
1201,1260,692,10/25/2025,11/4/2025
1202,2285,915,7/30/2025,8/16/2025
1203,2350,386,8/28/2025,9/3/2025
1204,2579,826,1/2/2025,1/19/2025
1205,2160,1235,9/13/2025,9/22/2025
1206,2287,153,3/2/2026,3/19/2026
1207,1951,614,10/20/2025,10/28/2025
1208,2541,1235,1/26/2025,2/10/2025
1209,2862,1855,12/19/2025,12/31/2025
1210,1900,1971,3/30/2025,4/7/2025
1211,1039,983,6/6/2025,6/18/2025
1212,1739,1097,8/31/2025,9/12/2025
1213,1192,165,9/5/2025,9/18/2025
1214,1358,937,9/4/2025,9/24/2025
1215,1393,1484,12/5/2025,12/21/2025
1216,1574,1476,2/27/2026,3/12/2026
1217,2977,538,12/20/2025,12/27/2025
1218,1019,1778,7/16/2025,7/29/2025
1219,1906,1106,11/13/2025,11/18/2025
1220,2793,709,1/13/2026,1/30/2026
1221,1584,1975,1/6/2026,1/24/2026
1222,1613,235,4/5/2026,4/20/2026
1223,1046,290,1/1/2025,1/5/2025
1224,1537,326,3/7/2026,3/10/2026
1225,2548,1454,1/21/2025,2/8/2025
1226,2198,844,12/25/2025,1/10/2026
1227,1813,1033,3/5/2026,3/18/2026
1228,2228,1891,4/21/2025,4/28/2025
1229,1861,1301,10/24/2025,10/27/2025
1230,1823,1374,6/24/2025,7/13/2025
1231,1484,434,12/1/2025,12/11/2025
1232,2000,390,5/13/2026,5/20/2026
1233,1077,375,11/23/2025,12/6/2025
1234,2958,1359,2/11/2025,2/19/2025
1235,1640,1421,1/3/2025,1/19/2025
1236,2253,1754,1/21/2025,2/6/2025
1237,2007,1697,4/16/2025,4/25/2025
1238,2050,1959,12/17/2025,12/20/2025
1239,2744,1871,11/2/2025,11/21/2025
1240,2392,1557,10/31/2025,11/12/2025
1241,2782,1759,11/25/2025,12/5/2025
1242,1018,1734,2/18/2025,3/3/2025
1243,1431,467,9/11/2025,9/27/2025
1244,2993,1580,8/28/2025,9/5/2025
1245,2114,332,3/23/2025,3/30/2025
1246,2717,198,8/21/2025,9/4/2025
1247,2265,1937,5/3/2025,5/15/2025
1248,1918,1372,8/6/2025,8/22/2025
1249,2932,300,1/3/2025,1/18/2025
1250,1517,796,8/11/2025,8/30/2025
1251,1622,1496,11/11/2025,11/25/2025
1252,2641,988,4/18/2026,5/4/2026
1253,1680,1935,1/4/2026,1/10/2026
1254,1343,317,1/26/2026,2/1/2026
1255,2069,1463,6/5/2025,6/24/2025
1256,1179,1941,1/2/2026,1/10/2026
1257,2019,834,1/24/2026,2/10/2026
1258,2059,1104,11/6/2025,11/12/2025
1259,2575,789,3/22/2026,4/9/2026
1260,1743,635,10/11/2025,10/26/2025
1261,1970,1561,6/3/2025,6/20/2025
1262,1617,538,1/12/2026,1/29/2026
1263,1676,448,9/1/2025,9/11/2025
1264,2101,1141,4/8/2026,4/27/2026
1265,2680,236,8/8/2025,8/20/2025
1266,1674,790,10/8/2025,10/12/2025
1267,1217,1661,5/5/2026,5/23/2026
1268,2978,1986,2/7/2025,2/13/2025
1269,1584,790,8/27/2025,9/9/2025
1270,1416,1005,2/2/2025,2/16/2025
1271,1163,928,5/6/2026,5/11/2026
1272,2360,619,7/6/2025,7/19/2025
1273,2909,1891,3/7/2026,3/13/2026
1274,2637,114,1/21/2026,2/5/2026
1275,2562,1394,3/13/2026,3/22/2026
1276,2872,243,8/26/2025,9/13/2025
1277,2754,504,5/28/2025,6/11/2025
1278,1320,893,2/27/2025,3/17/2025
1279,1052,74,1/28/2025,2/1/2025
1280,2415,1258,2/18/2025,3/1/2025
1281,2811,202,2/23/2025,3/4/2025
1282,2179,35,2/11/2026,2/22/2026
1283,2678,1105,11/16/2025,12/5/2025
1284,1594,1258,9/14/2025,9/19/2025
1285,2503,1433,4/13/2026,4/21/2026
1286,1381,1511,8/25/2025,9/1/2025
1287,1390,1611,1/13/2026,1/22/2026
1288,2343,1261,7/22/2025,8/8/2025
1289,1142,1376,12/14/2025,12/19/2025
1290,2879,707,3/7/2025,3/25/2025
1291,1067,536,5/13/2026,5/24/2026
1292,1363,1067,4/8/2025,4/27/2025
1293,1332,951,10/15/2025,11/3/2025
1294,2735,885,3/22/2025,4/11/2025
1295,1305,1176,12/21/2025,1/6/2026
1296,1001,597,4/23/2026,5/3/2026
1297,2236,121,10/19/2025,10/23/2025
1298,1911,295,3/30/2025,4/14/2025
1299,2276,447,12/6/2025,12/25/2025
1300,2771,958,1/9/2026,1/29/2026
1301,1260,1122,4/12/2025,4/18/2025
1302,2357,528,3/25/2026,3/31/2026
1303,2925,1121,6/1/2025,6/4/2025
1304,2624,648,12/10/2025,12/24/2025
1305,2759,1873,12/11/2025,12/23/2025
1306,2075,68,4/5/2026,4/24/2026
1307,1039,11,4/25/2026,5/8/2026
1308,1359,1388,7/17/2025,8/3/2025
1309,1442,1163,11/13/2025,11/28/2025
1310,2522,1393,1/4/2025,1/13/2025
1311,2911,1328,3/17/2025,4/4/2025
1312,1800,842,1/28/2025,2/11/2025
1313,2560,1409,3/30/2025,4/17/2025
1314,2077,1263,3/23/2025,3/31/2025
1315,1951,1829,4/26/2026,5/4/2026
1316,2266,1136,12/27/2025,1/2/2026
1317,1041,1165,5/3/2026,5/12/2026
1318,1745,1311,5/13/2025,5/16/2025
1319,1643,860,4/13/2026,4/18/2026
1320,2189,972,2/16/2026,3/2/2026
1321,1167,1674,8/9/2025,8/20/2025
1322,1971,1367,1/28/2026,2/9/2026
1323,2906,1208,9/8/2025,9/27/2025
1324,2927,476,11/5/2025,11/22/2025
1325,1618,605,4/8/2026,4/25/2026
1326,1789,128,3/9/2025,3/29/2025
1327,2023,498,2/18/2025,2/27/2025
1328,1861,617,2/20/2026,2/23/2026
1329,1275,1485,4/27/2026,5/5/2026
1330,1485,1330,6/16/2025,6/20/2025
1331,2164,249,7/4/2025,7/18/2025
1332,1692,1474,12/18/2025,12/29/2025
1333,2249,1323,8/4/2025,8/8/2025
1334,2211,469,2/26/2025,3/18/2025
1335,2706,29,3/25/2025,4/9/2025
1336,1503,174,4/22/2025,5/6/2025
1337,2132,441,9/22/2025,10/1/2025
1338,2246,1318,3/9/2026,3/28/2026
1339,1845,1142,9/8/2025,9/15/2025
1340,1866,1951,1/13/2025,1/27/2025
1341,2015,883,2/24/2025,3/3/2025
1342,2343,936,6/14/2025,6/20/2025
1343,1522,7,10/4/2025,10/20/2025
1344,1028,580,8/28/2025,9/11/2025
1345,2477,315,4/9/2026,4/22/2026
1346,2116,1673,7/23/2025,8/5/2025
1347,1677,1070,9/13/2025,9/18/2025
1348,2104,1643,7/12/2025,7/16/2025
1349,1933,1011,1/7/2025,1/26/2025
1350,2698,510,2/2/2026,2/9/2026
1351,2600,704,10/31/2025,11/6/2025
1352,2314,265,3/1/2025,3/10/2025
1353,2406,765,4/12/2026,4/22/2026
1354,1114,1716,5/21/2025,5/28/2025
1355,2877,600,7/29/2025,8/10/2025
1356,1162,1079,5/24/2025,6/9/2025
1357,2974,564,1/5/2026,1/8/2026
1358,1122,1219,2/23/2025,3/7/2025
1359,1554,1318,1/19/2026,1/28/2026
1360,1230,962,3/6/2026,3/10/2026
1361,2926,467,4/11/2025,4/14/2025
1362,1939,412,1/6/2025,1/23/2025
1363,2986,1575,5/15/2026,6/2/2026
1364,2547,705,1/7/2026,1/14/2026
1365,2922,707,9/23/2025,9/27/2025
1366,1250,457,5/1/2026,5/8/2026
1367,2770,172,5/23/2025,6/2/2025
1368,2143,930,1/20/2026,1/24/2026
1369,2873,1510,3/22/2025,3/28/2025
1370,2744,329,3/17/2025,3/20/2025
1371,2601,1421,12/28/2025,1/14/2026
1372,1044,1747,11/16/2025,11/23/2025
1373,1189,1599,1/28/2025,2/12/2025
1374,2618,811,3/8/2026,3/20/2026
1375,1601,1454,3/2/2026,3/22/2026
1376,1763,1462,6/2/2025,6/21/2025
1377,2313,121,2/9/2025,2/19/2025
1378,1155,1172,1/3/2025,1/14/2025
1379,1915,1272,5/21/2025,6/4/2025
1380,1344,399,9/21/2025,10/2/2025
1381,1078,1582,5/15/2026,6/4/2026
1382,2231,1233,4/11/2025,5/1/2025
1383,1514,1646,9/19/2025,10/5/2025
1384,2424,473,7/13/2025,8/2/2025
1385,1203,1453,5/25/2025,6/8/2025
1386,1237,979,4/27/2025,5/8/2025
1387,2264,765,8/3/2025,8/18/2025
1388,2180,956,10/6/2025,10/20/2025
1389,1858,484,1/19/2026,1/30/2026
1390,2184,1271,9/28/2025,10/12/2025
1391,1347,350,10/29/2025,11/6/2025
1392,1170,749,12/27/2025,1/3/2026
1393,1875,1856,4/10/2025,4/19/2025
1394,1217,1590,2/25/2026,3/2/2026
1395,1400,977,4/25/2026,5/8/2026
1396,2863,1961,5/16/2026,5/31/2026
1397,2054,1337,7/15/2025,7/23/2025
1398,1772,1202,2/11/2026,2/22/2026
1399,1323,882,7/9/2025,7/19/2025
1400,1867,780,3/1/2025,3/7/2025
1401,2152,804,7/17/2025,7/22/2025
1402,2088,362,5/8/2026,5/15/2026
1403,1132,1516,2/3/2025,2/20/2025
1404,1778,559,4/9/2025,4/17/2025
1405,2748,291,3/14/2025,4/3/2025
1406,2118,699,5/15/2026,6/4/2026
1407,2833,1414,6/21/2025,7/2/2025
1408,1708,1453,3/19/2025,3/25/2025
1409,1127,1922,4/23/2025,5/1/2025
1410,1281,422,5/12/2025,5/20/2025
1411,1025,1085,3/30/2025,4/19/2025
1412,2836,1968,9/27/2025,10/14/2025
1413,2503,1114,4/14/2026,4/18/2026
1414,2675,416,5/29/2025,6/11/2025
1415,1689,372,1/10/2026,1/29/2026
1416,2560,421,9/9/2025,9/25/2025
1417,2340,99,3/4/2026,3/23/2026
1418,2903,735,8/11/2025,8/21/2025
1419,1042,1989,9/28/2025,10/9/2025
1420,2171,216,9/19/2025,10/3/2025
1421,2505,1787,4/30/2025,5/4/2025
1422,2223,1842,9/9/2025,9/21/2025
1423,2112,1395,1/28/2025,2/15/2025
1424,2745,1585,7/23/2025,8/7/2025
1425,2980,780,11/29/2025,12/18/2025
1426,2519,745,10/6/2025,10/25/2025
1427,1593,1850,1/24/2025,2/4/2025
1428,1388,13,10/4/2025,10/21/2025
1429,2957,368,4/14/2025,4/26/2025
1430,2190,563,3/15/2026,4/2/2026
1431,2314,1748,6/1/2025,6/15/2025
1432,2957,917,6/2/2025,6/22/2025
1433,2072,1179,5/25/2025,6/13/2025
1434,2756,652,2/3/2025,2/10/2025
1435,2555,679,1/27/2026,2/8/2026
1436,2744,1669,3/7/2025,3/10/2025
1437,2966,611,4/24/2025,5/13/2025
1438,2486,1954,4/16/2026,5/6/2026
1439,1218,1093,4/6/2025,4/11/2025
1440,2555,1168,3/17/2026,4/6/2026
1441,2445,334,11/7/2025,11/24/2025
1442,1421,633,8/4/2025,8/12/2025
1443,2309,1227,4/10/2026,4/19/2026
1444,2553,959,6/22/2025,7/9/2025
1445,1552,1342,2/4/2025,2/18/2025
1446,1185,1546,12/21/2025,12/29/2025
1447,2575,647,6/18/2025,6/27/2025
1448,1693,424,5/16/2025,5/31/2025
1449,1792,425,10/20/2025,11/8/2025
1450,2592,1808,1/31/2026,2/16/2026
1451,2661,706,3/26/2026,4/9/2026
1452,1690,61,9/16/2025,9/22/2025
1453,2554,517,4/27/2026,5/12/2026
1454,2348,942,1/23/2026,2/4/2026
1455,2033,384,4/15/2026,4/27/2026
1456,2726,679,3/18/2025,4/5/2025
1457,1662,1564,5/7/2026,5/11/2026
1458,2620,1961,8/25/2025,9/4/2025
1459,1899,1101,7/29/2025,8/2/2025
1460,1454,1310,12/29/2025,1/6/2026
1461,2220,810,12/31/2025,1/10/2026
1462,1468,1842,2/21/2025,2/28/2025
1463,1041,1825,5/4/2026,5/18/2026
1464,2605,1529,3/9/2026,3/25/2026
1465,2083,1840,8/27/2025,9/13/2025
1466,2150,1529,3/13/2025,3/31/2025
1467,1056,786,2/23/2026,3/3/2026
1468,1984,24,5/25/2025,6/14/2025
1469,2747,808,1/18/2026,1/22/2026
1470,1170,822,5/2/2026,5/14/2026
1471,2504,1415,11/21/2025,11/29/2025
1472,1074,1143,4/8/2026,4/15/2026
1473,1333,40,12/25/2025,1/4/2026
1474,1676,303,4/2/2025,4/18/2025
1475,1064,1915,2/27/2026,3/10/2026
1476,2794,641,4/29/2026,5/19/2026
1477,1621,442,2/14/2025,2/17/2025
1478,2126,768,3/10/2025,3/23/2025
1479,1382,1364,4/23/2025,5/3/2025
1480,1634,96,5/31/2025,6/13/2025
1481,2602,590,2/19/2025,3/5/2025
1482,1999,143,3/13/2026,3/17/2026
1483,2547,963,2/10/2026,2/28/2026
1484,2401,668,5/5/2025,5/13/2025
1485,1322,1012,5/15/2025,5/28/2025
1486,2055,1157,2/24/2026,3/1/2026
1487,1694,367,3/10/2026,3/28/2026
1488,2553,818,1/18/2026,1/24/2026
1489,1455,103,1/7/2026,1/11/2026
1490,2121,1286,8/20/2025,8/28/2025
1491,2724,1580,10/22/2025,11/10/2025
1492,1086,1725,1/28/2025,2/7/2025
1493,1740,125,10/31/2025,11/19/2025
1494,2251,1782,12/13/2025,12/27/2025
1495,1462,476,10/10/2025,10/17/2025
1496,1102,667,6/4/2025,6/20/2025
1497,2808,1853,3/6/2025,3/25/2025
1498,2044,1744,3/1/2025,3/11/2025
1499,1706,1524,5/4/2025,5/9/2025
1500,1544,1627,3/17/2025,3/27/2025
1501,2066,1757,9/18/2025,10/6/2025
1502,1004,1741,3/30/2026,4/11/2026
1503,2904,910,3/8/2025,3/21/2025
1504,2277,221,8/1/2025,8/14/2025
1505,2056,757,3/20/2025,3/29/2025
1506,1920,947,3/9/2026,3/17/2026
1507,1204,904,7/6/2025,7/22/2025
1508,2235,1970,8/12/2025,8/23/2025
1509,2954,83,2/18/2026,3/9/2026
1510,1770,203,1/4/2025,1/18/2025
1511,1380,87,4/10/2025,4/24/2025
1512,2318,1088,2/22/2025,2/25/2025
1513,2564,1582,1/21/2026,2/8/2026
1514,2898,1668,2/14/2026,2/17/2026
1515,1462,933,1/26/2026,2/15/2026
1516,1553,788,11/28/2025,12/6/2025
1517,2971,101,2/19/2025,2/25/2025
1518,2146,647,10/31/2025,11/6/2025
1519,1448,1905,5/4/2025,5/23/2025
1520,1306,686,8/24/2025,9/10/2025
1521,2989,885,3/25/2026,3/29/2026
1522,1210,1467,2/26/2025,3/8/2025
1523,1791,1323,6/11/2025,6/18/2025
1524,1081,570,1/11/2026,1/29/2026
1525,2599,452,4/27/2026,5/2/2026
1526,1368,1984,2/20/2025,3/4/2025
1527,2292,68,3/7/2026,3/12/2026
1528,1408,708,9/24/2025,9/28/2025
1529,2541,1421,2/4/2025,2/20/2025
1530,2651,1096,4/4/2026,4/24/2026
1531,2199,1314,8/22/2025,9/1/2025
1532,1640,1730,2/2/2025,2/5/2025
1533,1164,471,1/18/2025,1/29/2025
1534,1714,585,2/7/2026,2/24/2026
1535,2431,549,5/1/2026,5/13/2026
1536,2191,1068,10/25/2025,11/12/2025
1537,2931,1067,11/1/2025,11/12/2025
1538,1654,1934,2/12/2025,2/26/2025
1539,1132,1206,1/14/2026,1/29/2026
1540,1071,160,1/7/2025,1/15/2025
1541,1918,1709,3/10/2025,3/25/2025
1542,2778,452,2/16/2026,3/1/2026
1543,1294,1184,2/22/2025,3/4/2025
1544,1684,1975,11/24/2025,11/28/2025
1545,1238,890,4/27/2025,5/12/2025
1546,1528,1940,6/14/2025,6/18/2025
1547,1400,317,9/25/2025,10/1/2025
1548,1516,1394,1/20/2025,2/4/2025
1549,2152,262,8/4/2025,8/12/2025
1550,2169,39,2/19/2026,3/2/2026
1551,1744,149,9/23/2025,10/7/2025
1552,2275,797,8/20/2025,8/28/2025
1553,1572,1988,4/13/2026,4/24/2026
1554,2340,1705,3/10/2026,3/23/2026
1555,2445,185,8/28/2025,9/6/2025
1556,2417,1704,6/30/2025,7/18/2025
1557,2943,1248,7/10/2025,7/22/2025
1558,2408,1420,3/9/2025,3/21/2025
1559,2914,206,1/6/2025,1/22/2025
1560,2340,1243,1/10/2026,1/15/2026
1561,2177,1710,8/18/2025,9/6/2025
1562,2908,1901,8/20/2025,8/29/2025
1563,1565,1967,5/20/2025,6/8/2025
1564,1898,408,1/20/2026,2/8/2026
1565,2379,186,5/13/2025,5/31/2025
1566,2124,490,3/11/2025,3/19/2025
1567,1272,1703,6/24/2025,7/5/2025
1568,2589,280,2/3/2025,2/22/2025
1569,2150,1790,4/9/2026,4/16/2026
1570,1277,267,8/3/2025,8/6/2025
1571,2642,700,12/12/2025,12/15/2025
1572,1944,692,4/20/2025,5/3/2025
1573,1175,1192,10/31/2025,11/18/2025
1574,1497,952,1/5/2026,1/15/2026
1575,2492,1221,2/7/2025,2/19/2025
1576,2850,786,2/16/2026,2/26/2026
1577,2127,1321,2/1/2025,2/13/2025
1578,1843,1671,7/18/2025,7/24/2025
1579,2060,1217,3/28/2026,3/31/2026
1580,2120,1678,4/28/2026,5/10/2026
1581,1574,1540,12/13/2025,12/16/2025
1582,1421,771,2/1/2025,2/12/2025
1583,1888,498,4/13/2026,4/28/2026
1584,1182,53,7/7/2025,7/17/2025
1585,1416,418,2/18/2025,3/3/2025
1586,2962,923,11/7/2025,11/15/2025
1587,2866,1739,6/30/2025,7/12/2025
1588,1743,868,9/23/2025,10/9/2025
1589,2118,1869,1/5/2025,1/21/2025
1590,1227,1217,11/4/2025,11/8/2025
1591,1961,951,12/12/2025,12/27/2025
1592,2694,189,1/8/2026,1/11/2026
1593,2394,652,1/25/2025,2/13/2025
1594,1670,362,3/16/2025,4/4/2025
1595,2525,84,2/5/2026,2/23/2026
1596,1426,249,10/10/2025,10/23/2025
1597,2269,1126,2/3/2026,2/10/2026
1598,1377,148,4/28/2025,5/12/2025
1599,2573,1093,8/27/2025,9/11/2025
1600,2192,661,6/27/2025,7/16/2025
1601,2891,1297,6/5/2025,6/25/2025
1602,1932,260,3/8/2026,3/20/2026
1603,2899,1052,1/30/2026,2/8/2026
1604,2791,1360,3/24/2026,4/4/2026
1605,1643,1105,6/11/2025,6/24/2025
1606,2786,1028,5/18/2025,5/23/2025
1607,1173,111,5/1/2025,5/5/2025
1608,2924,797,3/30/2026,4/15/2026
1609,2752,83,2/24/2026,3/8/2026
1610,1993,874,12/27/2025,1/8/2026
1611,1976,1035,4/10/2026,4/23/2026
1612,2115,215,9/1/2025,9/19/2025
1613,2285,151,9/9/2025,9/19/2025
1614,2956,1619,12/14/2025,1/2/2026
1615,2550,1738,7/11/2025,7/22/2025
1616,1824,522,4/9/2026,4/16/2026
1617,2586,892,2/4/2025,2/19/2025
1618,2805,1751,5/9/2025,5/20/2025
1619,2793,1188,9/9/2025,9/20/2025
1620,1737,1508,1/30/2026,2/8/2026
1621,1156,1429,6/11/2025,6/25/2025
1622,2380,993,5/9/2026,5/17/2026
1623,2534,676,6/12/2025,6/15/2025
1624,1632,1391,12/13/2025,12/26/2025
1625,1186,406,11/27/2025,12/12/2025
1626,1956,1295,9/24/2025,10/7/2025
1627,2060,1878,9/7/2025,9/22/2025
1628,2610,1668,1/8/2026,1/14/2026
1629,2200,1333,9/19/2025,9/22/2025
1630,2062,403,4/12/2025,4/21/2025
1631,1113,1972,6/14/2025,6/19/2025
1632,1348,367,4/15/2025,4/27/2025
1633,1061,1291,11/13/2025,11/25/2025
1634,2492,1948,2/3/2026,2/10/2026
1635,1508,8,5/10/2025,5/14/2025
1636,1191,143,10/2/2025,10/14/2025
1637,2434,1882,11/8/2025,11/20/2025
1638,1278,1512,4/24/2025,5/11/2025
1639,1209,1765,8/13/2025,8/28/2025
1640,2300,51,3/4/2025,3/9/2025
1641,1616,158,1/10/2025,1/29/2025
1642,2928,1213,5/11/2025,5/28/2025
1643,1700,1175,4/20/2026,4/26/2026
1644,1989,1071,2/15/2026,2/26/2026
1645,1252,1121,12/20/2025,1/2/2026
1646,1467,1987,2/6/2025,2/10/2025
1647,2519,434,9/6/2025,9/24/2025
1648,1755,60,7/17/2025,8/4/2025
1649,1758,515,2/10/2026,3/1/2026
1650,2662,555,10/1/2025,10/10/2025
1651,2267,1100,10/31/2025,11/8/2025
1652,1412,606,1/5/2026,1/24/2026
1653,2496,575,11/15/2025,11/18/2025
1654,2591,249,4/30/2025,5/19/2025
1655,1306,491,7/13/2025,7/29/2025
1656,1925,627,7/5/2025,7/14/2025
1657,2230,1146,10/18/2025,10/25/2025
1658,1802,955,12/2/2025,12/19/2025
1659,1854,236,11/10/2025,11/13/2025
1660,2890,892,9/17/2025,9/22/2025
1661,1814,1646,6/27/2025,6/30/2025
1662,1269,470,10/27/2025,11/15/2025
1663,1146,1933,11/10/2025,11/30/2025
1664,2369,182,6/4/2025,6/24/2025
1665,2536,1178,3/10/2026,3/13/2026
1666,2244,1604,3/11/2026,3/26/2026
1667,2723,712,11/21/2025,12/11/2025
1668,2004,1537,7/12/2025,8/1/2025
1669,2753,283,12/25/2025,12/30/2025
1670,1141,1379,1/22/2026,2/4/2026
1671,1273,575,6/22/2025,7/11/2025
1672,2577,1706,2/14/2026,3/6/2026
1673,2364,1052,4/23/2026,5/1/2026
1674,2378,1320,10/25/2025,11/2/2025
1675,2284,6,2/21/2026,3/3/2026
1676,2267,572,1/14/2026,1/21/2026
1677,1505,1300,1/5/2026,1/21/2026
1678,2919,1934,1/3/2025,1/17/2025
1679,1279,666,10/6/2025,10/20/2025
1680,2977,345,4/27/2025,5/2/2025
1681,1970,1787,8/14/2025,8/29/2025
1682,1855,580,4/21/2025,5/7/2025
1683,1238,748,7/29/2025,8/14/2025
1684,2134,248,2/18/2026,2/28/2026
1685,2767,1820,4/13/2026,4/17/2026
1686,1982,1576,9/5/2025,9/16/2025
1687,2442,386,4/10/2026,4/26/2026
1688,1437,1289,4/24/2025,5/2/2025
1689,2390,1598,4/1/2025,4/19/2025
1690,1980,1263,1/10/2026,1/29/2026
1691,2425,809,3/28/2025,4/2/2025
1692,1229,866,6/4/2025,6/24/2025
1693,1050,521,12/14/2025,12/31/2025
1694,1469,824,5/7/2026,5/21/2026
1695,2512,1124,1/7/2025,1/14/2025
1696,2748,1572,9/1/2025,9/5/2025
1697,1710,723,6/18/2025,7/4/2025
1698,2624,158,3/28/2026,4/5/2026
1699,1115,76,7/6/2025,7/11/2025
1700,2298,1755,3/6/2025,3/18/2025
1701,1415,269,3/24/2025,4/2/2025
1702,2558,798,4/9/2026,4/29/2026
1703,1684,1375,4/15/2026,4/30/2026
1704,1148,1201,9/29/2025,10/15/2025
1705,1732,299,4/17/2026,5/2/2026
1706,1476,1874,3/17/2025,3/23/2025
1707,2984,1064,6/11/2025,6/28/2025
1708,2578,1925,7/15/2025,7/29/2025
1709,2045,269,1/10/2026,1/20/2026
1710,1552,603,4/2/2025,4/10/2025
1711,2469,975,5/1/2025,5/11/2025
1712,1717,300,3/21/2025,3/29/2025
1713,2234,955,11/20/2025,12/1/2025
1714,1108,555,5/27/2025,6/3/2025
1715,2660,467,5/31/2025,6/12/2025
1716,2370,1530,2/18/2025,3/3/2025
1717,2295,1566,3/18/2025,3/23/2025
1718,2265,1633,3/21/2026,4/2/2026
1719,1565,1519,4/24/2026,5/6/2026
1720,1678,688,4/13/2026,5/1/2026
1721,1014,76,8/3/2025,8/20/2025
1722,1087,788,12/21/2025,1/2/2026
1723,1281,1081,11/25/2025,12/11/2025
1724,2321,864,5/31/2025,6/6/2025
1725,2989,256,9/5/2025,9/20/2025
1726,2539,1768,9/8/2025,9/14/2025
1727,2174,856,5/3/2026,5/8/2026
1728,2941,1907,8/19/2025,8/31/2025
1729,2132,1253,12/30/2025,1/9/2026
1730,2536,59,5/13/2026,5/24/2026
1731,1598,1694,5/20/2025,5/27/2025
1732,1293,1314,3/25/2026,4/11/2026
1733,1335,876,5/28/2025,6/14/2025
1734,1420,1818,6/3/2025,6/14/2025
1735,1244,807,3/26/2025,4/5/2025
1736,2003,1183,5/15/2026,5/18/2026
1737,1627,1633,3/19/2025,4/3/2025
1738,1302,1854,5/6/2025,5/20/2025
1739,1850,926,3/24/2025,4/13/2025
1740,2111,983,7/10/2025,7/17/2025
1741,1854,1233,5/31/2025,6/11/2025
1742,2946,920,2/20/2026,3/12/2026
1743,2860,700,5/4/2026,5/20/2026
1744,2608,53,3/14/2025,3/28/2025
1745,1228,663,9/15/2025,9/27/2025
1746,2818,1481,5/2/2025,5/17/2025
1747,1462,1862,3/7/2026,3/10/2026
1748,2429,1492,2/10/2026,2/22/2026
1749,1701,383,3/11/2026,3/18/2026
1750,1361,244,7/17/2025,8/4/2025
1751,2728,1759,12/23/2025,1/9/2026
1752,1241,141,4/9/2025,4/27/2025
1753,2498,978,2/14/2025,2/28/2025
1754,2125,927,5/4/2026,5/17/2026
1755,1763,374,3/9/2026,3/25/2026
1756,2016,145,4/21/2025,5/6/2025
1757,2020,1783,2/23/2026,3/15/2026
1758,2782,1550,6/22/2025,7/12/2025
1759,2407,849,1/5/2025,1/18/2025
1760,2297,764,2/15/2025,3/1/2025
1761,2894,235,12/22/2025,12/29/2025
1762,2608,418,5/23/2025,6/11/2025
1763,2130,1535,7/27/2025,8/3/2025
1764,2080,1157,6/5/2025,6/18/2025
1765,2215,140,1/28/2026,2/4/2026
1766,2920,1737,4/18/2025,5/2/2025
1767,2429,98,8/31/2025,9/6/2025
1768,2367,1973,5/8/2026,5/12/2026
1769,1514,1026,7/13/2025,7/21/2025
1770,2071,1781,1/27/2026,2/14/2026
1771,2950,774,1/6/2026,1/14/2026
1772,2903,283,12/2/2025,12/22/2025
1773,1899,260,2/6/2026,2/12/2026
1774,1159,1529,4/30/2026,5/4/2026
1775,1442,1113,8/25/2025,9/1/2025
1776,1375,633,3/29/2025,4/3/2025
1777,1952,1209,5/10/2025,5/27/2025
1778,2274,110,4/28/2026,5/16/2026
1779,1597,665,11/10/2025,11/28/2025
1780,1522,476,3/21/2025,4/8/2025
1781,1087,1335,8/18/2025,9/1/2025
1782,1582,1061,7/21/2025,8/2/2025
1783,2006,1909,7/21/2025,8/3/2025
1784,1437,532,4/27/2025,5/14/2025
1785,2816,1510,1/15/2026,1/29/2026
1786,1477,1440,4/29/2025,5/6/2025
1787,1997,1818,12/15/2025,12/23/2025
1788,2484,1435,3/7/2025,3/19/2025
1789,2237,740,10/6/2025,10/13/2025
1790,2688,607,9/22/2025,9/30/2025
1791,2298,1378,3/3/2026,3/22/2026
1792,1050,871,3/15/2026,3/31/2026
1793,1665,1540,5/1/2026,5/14/2026
1794,2411,1836,8/14/2025,8/26/2025
1795,1587,1259,12/25/2025,1/5/2026
1796,2399,131,9/21/2025,10/3/2025
1797,1217,989,1/30/2025,2/18/2025
1798,2448,1013,2/8/2025,2/21/2025
1799,1732,301,9/16/2025,9/24/2025
1800,2569,1074,10/31/2025,11/17/2025
1801,1130,1340,12/24/2025,12/31/2025
1802,2870,1234,5/15/2025,5/22/2025
1803,1276,1834,12/14/2025,12/18/2025
1804,2766,518,3/4/2025,3/12/2025
1805,2191,1609,1/1/2025,1/8/2025
1806,2124,1115,11/7/2025,11/11/2025
1807,2628,432,1/31/2025,2/8/2025
1808,2327,505,5/15/2026,6/4/2026
1809,1773,1606,11/24/2025,12/5/2025
1810,1488,1379,3/16/2025,3/29/2025
1811,2488,1747,8/11/2025,8/28/2025
1812,1995,628,4/21/2026,4/25/2026
1813,1202,337,4/20/2026,4/29/2026
1814,1254,1577,6/15/2025,7/4/2025
1815,1831,643,11/1/2025,11/7/2025
1816,2564,1334,7/5/2025,7/10/2025
1817,2844,1674,3/6/2025,3/14/2025
1818,1768,56,3/15/2026,3/20/2026
1819,1543,142,4/5/2026,4/13/2026
1820,2704,663,3/8/2026,3/28/2026
1821,1280,1792,4/14/2026,4/30/2026
1822,2409,1793,12/18/2025,12/26/2025
1823,1961,495,8/29/2025,9/4/2025
1824,1770,417,4/6/2025,4/21/2025
1825,1700,1321,3/4/2025,3/11/2025
1826,2059,1614,1/27/2026,2/16/2026
1827,2288,194,1/3/2025,1/12/2025
1828,1268,1212,10/11/2025,10/23/2025
1829,2110,779,4/21/2025,5/10/2025
1830,2576,82,4/1/2026,4/18/2026
1831,2576,1215,10/30/2025,11/18/2025
1832,1778,1039,7/26/2025,8/10/2025
1833,2564,1131,8/25/2025,9/1/2025
1834,1665,552,4/22/2025,5/3/2025
1835,1648,1488,12/4/2025,12/8/2025
1836,2056,1827,1/18/2026,2/2/2026
1837,2042,1164,11/26/2025,11/30/2025
1838,1482,1511,9/10/2025,9/16/2025
1839,1050,1523,4/16/2025,4/23/2025
1840,1883,1174,4/4/2025,4/7/2025
1841,2574,4,5/20/2025,5/31/2025
1842,2388,109,5/11/2026,5/17/2026
1843,1377,1107,11/11/2025,11/26/2025
1844,1833,1016,5/10/2025,5/13/2025
1845,1547,1422,3/30/2025,4/11/2025
1846,2482,1020,12/17/2025,12/25/2025
1847,1527,1641,7/2/2025,7/12/2025
1848,1702,442,1/1/2026,1/11/2026
1849,2624,1644,8/23/2025,8/27/2025
1850,2562,1018,5/17/2025,5/31/2025
1851,1431,880,12/14/2025,12/23/2025
1852,2544,1780,5/14/2026,5/22/2026
1853,1046,1623,6/15/2025,7/3/2025
1854,2907,1411,8/20/2025,9/9/2025
1855,1413,1134,8/12/2025,8/23/2025
1856,1906,1179,6/24/2025,7/2/2025
1857,2449,1314,6/7/2025,6/15/2025
1858,1390,122,8/5/2025,8/14/2025
1859,2917,1606,2/11/2025,2/20/2025
1860,1739,833,5/1/2026,5/9/2026
1861,2970,1403,4/10/2026,4/20/2026
1862,1902,743,4/16/2025,4/19/2025
1863,1598,1034,9/19/2025,9/23/2025
1864,2412,1775,11/7/2025,11/26/2025
1865,1463,1655,3/20/2025,3/26/2025
1866,1180,1290,11/28/2025,12/17/2025
1867,1897,204,3/23/2025,4/8/2025
1868,2780,34,10/19/2025,11/1/2025
1869,1125,863,9/25/2025,10/7/2025
1870,2486,1787,6/10/2025,6/29/2025
1871,2947,1630,10/16/2025,10/27/2025
1872,1796,1378,10/17/2025,10/24/2025
1873,1664,279,4/3/2025,4/17/2025
1874,2471,984,3/6/2025,3/26/2025
1875,2515,1217,3/23/2026,4/10/2026
1876,2503,366,7/20/2025,8/4/2025
1877,2644,944,2/8/2026,2/19/2026
1878,2268,1411,7/18/2025,7/31/2025
1879,1760,150,2/9/2026,2/16/2026
1880,1046,224,11/1/2025,11/8/2025
1881,1479,552,2/14/2026,3/5/2026
1882,1413,1690,12/7/2025,12/19/2025
1883,2173,21,1/6/2026,1/9/2026
1884,2759,897,7/22/2025,7/26/2025
1885,1921,297,4/14/2026,4/19/2026
1886,2218,223,6/9/2025,6/29/2025
1887,2497,350,2/3/2026,2/11/2026
1888,2925,1075,3/30/2026,4/4/2026
1889,2430,223,11/28/2025,12/4/2025
1890,2833,1069,5/4/2026,5/11/2026
1891,2572,1020,4/7/2026,4/10/2026
1892,2471,1518,10/19/2025,10/25/2025
1893,2252,289,4/1/2026,4/15/2026
1894,2037,59,12/14/2025,12/17/2025
1895,2560,1188,6/17/2025,7/5/2025
1896,2020,1358,4/6/2025,4/14/2025
1897,2819,531,4/3/2026,4/9/2026
1898,1689,1334,2/1/2026,2/9/2026
1899,1465,1038,2/25/2026,3/11/2026
1900,2999,980,2/19/2025,2/22/2025
1901,2852,115,3/26/2025,4/6/2025
1902,1226,1683,3/22/2026,4/11/2026
1903,1565,1686,10/28/2025,11/17/2025
1904,1698,740,6/11/2025,6/23/2025
1905,2801,332,4/26/2026,5/7/2026
1906,1812,1442,5/29/2025,6/13/2025
1907,2447,1487,4/11/2025,4/25/2025
1908,2778,1747,2/3/2025,2/20/2025
1909,2345,636,1/12/2025,1/29/2025
1910,1827,561,2/9/2025,3/1/2025
1911,1540,423,11/23/2025,12/12/2025
1912,1476,1365,8/26/2025,9/12/2025
1913,1015,875,2/24/2026,3/13/2026
1914,2597,1912,4/10/2026,4/22/2026
1915,2617,124,11/30/2025,12/11/2025
1916,1878,560,1/19/2025,1/28/2025
1917,1718,674,5/4/2025,5/21/2025
1918,1599,1066,3/16/2026,4/1/2026
1919,1549,381,12/11/2025,12/14/2025
1920,2348,146,5/22/2025,5/25/2025
1921,2506,967,3/15/2025,3/23/2025
1922,1620,561,10/26/2025,11/1/2025
1923,1245,187,7/23/2025,8/5/2025
1924,1313,1952,10/29/2025,11/4/2025
1925,1207,506,7/5/2025,7/10/2025
1926,2242,1260,4/25/2026,5/15/2026
1927,2958,1586,11/13/2025,11/26/2025
1928,2938,438,11/26/2025,11/30/2025
1929,2771,287,4/25/2025,5/9/2025
1930,1257,1038,4/17/2026,4/22/2026
1931,1287,405,3/1/2025,3/11/2025
1932,1812,1735,9/2/2025,9/13/2025
1933,1197,704,7/2/2025,7/21/2025
1934,1422,1472,1/3/2026,1/6/2026
1935,1542,1071,1/27/2026,2/5/2026
1936,2892,1983,4/2/2025,4/7/2025
1937,1250,48,2/17/2026,3/7/2026
1938,2379,828,12/26/2025,1/2/2026
1939,2704,1916,2/7/2026,2/19/2026
1940,1225,480,5/17/2025,5/21/2025
1941,2785,1463,5/31/2025,6/3/2025
1942,1054,1902,1/23/2026,2/5/2026
1943,1393,1371,9/3/2025,9/11/2025
1944,1864,293,12/8/2025,12/16/2025
1945,2686,266,8/22/2025,9/8/2025
1946,2664,91,6/29/2025,7/5/2025
1947,2378,1241,11/23/2025,11/27/2025
1948,2162,744,3/9/2026,3/16/2026
1949,1168,1827,1/27/2026,2/11/2026
1950,2927,1707,6/20/2025,7/3/2025
1951,1176,99,11/26/2025,12/10/2025
1952,2097,997,5/19/2025,5/26/2025
1953,2099,1544,5/18/2025,5/29/2025
1954,1703,274,2/11/2025,2/18/2025
1955,2306,873,4/28/2025,5/15/2025
1956,1192,512,12/31/2025,1/20/2026
1957,2844,1797,5/11/2025,5/29/2025
1958,2401,1440,10/15/2025,10/30/2025
1959,1509,1443,5/6/2025,5/9/2025
1960,1852,693,10/26/2025,11/11/2025
1961,1210,47,12/3/2025,12/7/2025
1962,1797,1702,1/2/2025,1/13/2025
1963,1401,839,2/26/2025,3/12/2025
1964,2029,1651,5/14/2026,5/19/2026
1965,2469,394,8/29/2025,9/5/2025
1966,1193,1764,12/21/2025,12/25/2025
1967,2235,1101,11/17/2025,12/7/2025
1968,1193,984,7/7/2025,7/21/2025
1969,2843,1449,5/30/2025,6/12/2025
1970,2831,1778,5/2/2026,5/5/2026
1971,1380,4,8/16/2025,8/19/2025
1972,2944,127,2/1/2025,2/21/2025
1973,2213,1395,2/28/2026,3/20/2026
1974,1346,1506,5/17/2025,5/27/2025
1975,1863,1112,10/26/2025,10/30/2025
1976,1636,1465,1/22/2025,2/10/2025
1977,2950,1415,6/16/2025,7/6/2025
1978,1042,1464,1/8/2026,1/17/2026
1979,1806,218,7/19/2025,8/8/2025
1980,1100,1399,12/9/2025,12/28/2025
1981,1868,756,2/16/2026,3/7/2026
1982,1403,752,10/28/2025,10/31/2025
1983,2563,262,8/14/2025,8/17/2025
1984,2192,1955,3/5/2026,3/20/2026
1985,1199,659,9/9/2025,9/24/2025
1986,1207,627,1/11/2025,1/20/2025
1987,1307,13,1/17/2025,2/3/2025
1988,2363,1679,10/13/2025,11/2/2025
1989,1327,777,8/25/2025,8/30/2025
1990,1962,1434,2/2/2026,2/22/2026
1991,1488,702,11/10/2025,11/22/2025
1992,1619,1442,3/29/2025,4/13/2025
1993,2705,483,11/28/2025,12/5/2025
1994,1138,1736,3/23/2026,4/5/2026
1995,1604,233,1/20/2026,2/7/2026
1996,1465,1600,7/15/2025,7/31/2025
1997,2842,959,5/8/2025,5/18/2025
1998,2505,1716,4/24/2025,5/7/2025
1999,2227,997,7/12/2025,7/29/2025
2000,2568,165,4/8/2026,4/17/2026
2001,2554,1949,3/7/2025,3/27/2025
2002,1029,358,10/1/2025,10/15/2025
2003,1210,1384,4/16/2025,4/20/2025
2004,1067,1705,12/2/2025,12/12/2025
2005,2487,1067,8/13/2025,8/26/2025
2006,2990,413,5/6/2026,5/18/2026
2007,1426,1933,4/22/2026,4/25/2026
2008,1699,1324,4/16/2026,4/30/2026
2009,1216,1073,9/12/2025,9/26/2025
2010,1836,859,1/28/2025,2/3/2025
2011,1401,1924,1/9/2026,1/12/2026
2012,2109,1145,7/14/2025,7/19/2025
2013,1239,1292,8/27/2025,9/12/2025
2014,1522,193,4/16/2025,4/21/2025
2015,1098,274,12/9/2025,12/17/2025
2016,2720,1163,1/1/2026,1/11/2026
2017,1394,1720,2/23/2025,3/15/2025
2018,1588,1153,5/27/2025,6/5/2025
2019,2398,1224,11/5/2025,11/21/2025
2020,2711,354,4/3/2026,4/14/2026
2021,1006,756,7/24/2025,8/6/2025
2022,2669,1540,7/22/2025,7/28/2025
2023,1382,1608,1/17/2025,1/27/2025
2024,1610,1073,3/31/2025,4/11/2025
2025,2454,1052,1/12/2026,1/19/2026
2026,1931,935,7/9/2025,7/16/2025
2027,2751,966,12/29/2025,1/12/2026
2028,2295,1465,11/17/2025,11/27/2025
2029,2656,365,12/12/2025,12/23/2025
2030,1043,1414,6/10/2025,6/28/2025
2031,1826,1489,11/11/2025,11/28/2025
2032,2117,1306,3/19/2025,4/4/2025
2033,1002,1052,6/22/2025,6/30/2025
2034,1844,165,3/3/2026,3/22/2026
2035,1011,117,11/28/2025,12/7/2025
2036,1257,223,4/30/2026,5/6/2026
2037,2090,847,5/7/2025,5/15/2025
2038,1109,1383,11/10/2025,11/21/2025
2039,1119,377,1/7/2026,1/18/2026
2040,2664,656,3/27/2026,4/10/2026
2041,2185,982,9/16/2025,9/24/2025
2042,1315,1326,1/24/2026,2/6/2026
2043,2047,154,12/16/2025,12/20/2025
2044,2202,596,12/6/2025,12/20/2025
2045,1925,445,8/30/2025,9/11/2025
2046,2356,1271,2/4/2026,2/9/2026
2047,1424,990,11/2/2025,11/9/2025
2048,1581,1869,2/26/2026,3/9/2026
2049,2055,237,3/4/2026,3/8/2026
2050,1616,316,4/5/2025,4/19/2025
2051,1031,540,1/5/2026,1/14/2026
2052,1893,706,3/9/2026,3/24/2026
2053,2830,257,8/18/2025,9/2/2025
2054,1412,922,12/25/2025,1/9/2026
2055,1544,531,1/30/2025,2/11/2025
2056,1777,951,1/21/2025,1/30/2025
2057,2451,474,4/30/2025,5/20/2025
2058,2151,1517,5/10/2025,5/17/2025
2059,2857,89,5/13/2026,5/26/2026
2060,2808,1006,3/29/2026,4/1/2026
2061,1290,1795,3/3/2025,3/10/2025
2062,1573,1706,1/18/2025,2/6/2025
2063,2569,14,1/15/2026,1/27/2026
2064,2276,1270,9/24/2025,9/27/2025
2065,2404,1699,11/9/2025,11/18/2025
2066,2501,729,7/26/2025,8/1/2025
2067,2041,262,12/21/2025,1/6/2026
2068,2391,203,4/19/2025,4/24/2025
2069,2255,1695,11/7/2025,11/24/2025
2070,2060,37,8/13/2025,8/18/2025
2071,1222,76,9/19/2025,9/28/2025
2072,1356,1000,12/4/2025,12/7/2025
2073,1541,1385,2/15/2026,3/5/2026
2074,2226,628,11/11/2025,11/29/2025
2075,2807,1875,8/7/2025,8/19/2025
2076,2154,828,12/29/2025,1/1/2026
2077,1526,464,7/6/2025,7/24/2025
2078,2577,653,2/15/2026,3/6/2026
2079,2422,1449,6/29/2025,7/7/2025
2080,2914,783,1/9/2025,1/14/2025
2081,1954,1657,7/5/2025,7/16/2025
2082,1648,1926,7/19/2025,7/29/2025
2083,1325,194,5/2/2025,5/18/2025
2084,2897,1526,3/29/2025,4/4/2025
2085,1263,42,8/13/2025,8/21/2025
2086,1396,17,12/3/2025,12/16/2025
2087,1130,438,5/16/2026,5/28/2026
2088,1370,1261,10/15/2025,10/19/2025
2089,2276,41,6/10/2025,6/21/2025
2090,2376,1606,4/5/2026,4/18/2026
2091,1743,150,9/3/2025,9/16/2025
2092,1563,1032,4/14/2026,4/28/2026
2093,1657,90,10/17/2025,10/25/2025
2094,1141,611,3/29/2026,4/8/2026
2095,2852,1008,10/12/2025,10/18/2025
2096,1725,403,3/24/2026,4/11/2026
2097,1413,458,10/16/2025,11/1/2025
2098,1489,932,12/2/2025,12/10/2025
2099,1089,1673,2/27/2026,3/8/2026
2100,2709,1327,10/26/2025,11/4/2025
2101,1500,404,11/2/2025,11/16/2025
2102,1293,388,12/26/2025,1/14/2026
2103,1553,164,10/23/2025,10/26/2025
2104,2450,1217,1/9/2025,1/29/2025
2105,2082,1699,10/21/2025,11/4/2025
2106,2545,152,1/1/2025,1/4/2025
2107,2099,207,5/23/2025,5/31/2025
2108,2697,596,8/6/2025,8/15/2025
2109,1638,1416,7/20/2025,8/8/2025
2110,2634,1895,4/10/2026,4/14/2026
2111,1361,953,7/28/2025,8/13/2025
2112,1571,1434,2/25/2026,3/16/2026
2113,2938,62,12/22/2025,12/29/2025
2114,2560,1993,5/10/2025,5/15/2025
2115,1894,817,8/28/2025,9/6/2025
2116,1391,374,5/15/2025,5/21/2025
2117,1179,47,1/25/2026,2/7/2026
2118,1475,244,4/6/2025,4/11/2025
2119,1756,234,12/26/2025,1/7/2026
2120,1052,389,2/10/2025,2/23/2025
2121,2049,31,4/11/2025,4/25/2025
2122,1549,962,7/16/2025,7/28/2025
2123,2233,819,3/16/2025,3/20/2025
2124,1015,1120,8/30/2025,9/17/2025
2125,2045,1381,4/11/2025,4/17/2025
2126,1298,372,5/23/2025,6/9/2025
2127,1241,1189,9/1/2025,9/11/2025
2128,1679,415,3/6/2025,3/26/2025
2129,2708,848,6/8/2025,6/24/2025
2130,2839,1747,8/4/2025,8/12/2025
2131,1924,1463,3/5/2026,3/25/2026
2132,2359,49,4/4/2026,4/14/2026
2133,2820,1907,3/25/2026,4/9/2026
2134,1343,1383,1/15/2025,1/24/2025
2135,2302,1215,3/9/2025,3/26/2025
2136,2474,1493,9/22/2025,10/1/2025
2137,2626,913,2/5/2026,2/17/2026
2138,2061,412,10/10/2025,10/18/2025
2139,2905,360,2/2/2026,2/13/2026
2140,2051,1085,1/27/2026,2/4/2026
2141,1047,1634,2/6/2026,2/11/2026
2142,1541,1596,9/23/2025,10/8/2025
2143,1608,1075,1/13/2025,1/21/2025
2144,2279,859,1/29/2026,2/9/2026
2145,1731,124,10/16/2025,10/21/2025
2146,2359,758,4/8/2026,4/27/2026
2147,1918,1316,8/6/2025,8/12/2025
2148,2527,714,6/27/2025,7/14/2025
2149,2411,144,11/26/2025,12/12/2025
2150,1675,1309,12/3/2025,12/7/2025
2151,1579,449,2/6/2026,2/14/2026
2152,1315,2,12/31/2025,1/7/2026
2153,2512,1271,9/21/2025,10/8/2025
2154,2705,1796,1/9/2026,1/12/2026
2155,1875,323,12/7/2025,12/16/2025
2156,2240,206,9/12/2025,9/18/2025
2157,2664,1668,4/21/2026,5/2/2026
2158,2406,929,7/15/2025,7/24/2025
2159,1780,869,2/9/2025,2/25/2025
2160,1971,1819,3/18/2026,3/30/2026
2161,2288,780,4/30/2026,5/17/2026
2162,2754,1164,10/23/2025,11/12/2025
2163,1706,1852,11/29/2025,12/5/2025
2164,1483,758,1/23/2025,2/10/2025
2165,1772,788,4/18/2025,4/24/2025
2166,1817,1703,11/15/2025,11/21/2025
2167,2493,371,7/28/2025,8/6/2025
2168,2530,1694,1/28/2025,2/2/2025
2169,1764,831,8/7/2025,8/11/2025
2170,2295,294,3/26/2025,3/31/2025
2171,2950,1952,5/1/2026,5/20/2026
2172,1315,1582,12/22/2025,12/29/2025
2173,2270,933,3/19/2025,4/3/2025
2174,1947,1976,12/23/2025,1/10/2026
2175,2713,536,10/16/2025,10/30/2025
2176,1780,1696,1/28/2025,2/15/2025
2177,2026,1322,7/16/2025,7/31/2025
2178,1989,1446,2/22/2025,2/27/2025
2179,2242,1446,5/30/2025,6/3/2025
2180,2483,570,8/20/2025,8/26/2025
2181,1057,1971,10/24/2025,11/1/2025
2182,1071,1999,3/12/2026,3/30/2026
2183,2449,1008,11/22/2025,12/1/2025
2184,2984,1010,1/16/2025,2/5/2025
2185,2003,604,3/31/2026,4/13/2026
2186,1751,350,8/25/2025,9/13/2025
2187,2787,683,3/20/2026,4/2/2026
2188,2674,82,7/25/2025,8/6/2025
2189,1579,1432,10/10/2025,10/13/2025
2190,1598,434,9/7/2025,9/26/2025
2191,2745,1913,7/22/2025,7/26/2025
2192,2191,1445,6/24/2025,7/10/2025
2193,2576,277,5/15/2026,6/4/2026
2194,2813,1068,12/15/2025,1/4/2026
2195,1278,748,2/22/2026,3/1/2026
2196,1112,868,2/10/2025,3/2/2025
2197,2728,1122,8/22/2025,9/8/2025
2198,2093,1960,10/10/2025,10/26/2025
2199,2113,1649,11/24/2025,11/29/2025
2200,1009,462,10/18/2025,10/21/2025
2201,1670,766,4/16/2025,4/22/2025
2202,1728,1705,10/13/2025,11/1/2025
2203,2523,152,3/29/2026,4/10/2026
2204,1314,1353,1/15/2026,1/29/2026
2205,2769,139,9/27/2025,10/1/2025
2206,2867,1050,8/28/2025,9/17/2025
2207,2228,428,5/16/2025,5/30/2025
2208,1305,1715,4/2/2025,4/12/2025
2209,1900,1627,3/25/2026,4/11/2026
2210,1654,1500,3/7/2026,3/10/2026
2211,1859,1465,12/5/2025,12/20/2025
2212,1901,836,1/2/2026,1/7/2026
2213,1100,1549,8/4/2025,8/23/2025
2214,2430,1165,11/7/2025,11/16/2025
2215,1815,1875,11/16/2025,11/23/2025
2216,1125,1619,1/19/2025,2/4/2025
2217,1985,1953,3/7/2025,3/23/2025
2218,1077,928,5/24/2025,6/9/2025
2219,1161,1184,1/30/2025,2/14/2025
2220,2213,876,2/6/2025,2/26/2025
2221,1196,594,6/10/2025,6/17/2025
2222,1477,1937,5/27/2025,6/7/2025
2223,2952,862,1/3/2025,1/10/2025
2224,1177,1793,4/12/2026,4/24/2026
2225,1643,1985,10/5/2025,10/19/2025
2226,1098,129,3/13/2025,3/19/2025
2227,1831,1434,8/28/2025,9/16/2025
2228,2762,1168,12/28/2025,1/6/2026
2229,2789,48,9/3/2025,9/10/2025
2230,2652,41,3/18/2026,3/26/2026
2231,1661,810,6/23/2025,7/8/2025
2232,2224,1077,7/3/2025,7/18/2025
2233,1951,1270,5/14/2025,5/22/2025
2234,1608,752,7/17/2025,7/29/2025
2235,2235,771,4/30/2025,5/4/2025
2236,1185,307,11/9/2025,11/20/2025
2237,1508,751,9/24/2025,10/13/2025
2238,2601,1647,1/14/2026,2/2/2026
2239,2621,762,5/22/2025,6/9/2025
2240,1763,77,12/10/2025,12/16/2025
2241,1420,708,1/1/2026,1/4/2026
2242,1026,1301,10/24/2025,11/8/2025
2243,1097,1876,3/7/2025,3/25/2025
2244,2237,1987,1/18/2026,1/30/2026
2245,2252,1539,11/3/2025,11/9/2025
2246,1716,1634,5/11/2025,5/26/2025
2247,2979,705,10/22/2025,11/2/2025
2248,1987,706,4/21/2026,5/11/2026
2249,2842,1250,7/30/2025,8/9/2025
2250,2141,1261,5/10/2026,5/19/2026
2251,2397,1779,4/10/2025,4/20/2025
2252,1171,365,1/9/2025,1/24/2025
2253,1011,1526,4/18/2025,5/8/2025
2254,1937,1126,5/9/2025,5/16/2025
2255,2636,309,5/9/2025,5/14/2025
2256,1340,190,4/25/2025,5/6/2025
2257,1609,1981,1/7/2026,1/27/2026
2258,1510,525,8/3/2025,8/23/2025
2259,1395,1480,1/30/2026,2/9/2026
2260,1034,463,5/9/2026,5/14/2026
2261,2295,453,3/20/2025,3/24/2025
2262,1497,1800,4/9/2025,4/15/2025
2263,1577,917,9/8/2025,9/13/2025
2264,1956,897,11/4/2025,11/24/2025
2265,2240,285,10/2/2025,10/19/2025
2266,2396,635,1/24/2026,2/6/2026
2267,1216,281,1/25/2026,2/1/2026
2268,2054,1782,3/6/2025,3/18/2025
2269,2348,779,4/26/2025,5/12/2025
2270,1353,987,4/1/2025,4/17/2025
2271,2848,892,1/29/2025,2/3/2025
2272,2889,1609,7/30/2025,8/5/2025
2273,1073,1615,11/17/2025,11/29/2025
2274,2732,108,12/14/2025,12/23/2025
2275,2276,357,4/8/2026,4/12/2026
2276,1671,491,10/12/2025,10/27/2025
2277,1495,748,9/8/2025,9/27/2025
2278,2514,1331,8/26/2025,9/8/2025
2279,2461,1422,10/25/2025,11/3/2025
2280,2122,234,3/31/2025,4/7/2025
2281,1120,1924,8/12/2025,8/25/2025
2282,2957,343,2/24/2025,3/14/2025
2283,1707,810,7/19/2025,7/30/2025
2284,2014,978,1/2/2025,1/18/2025
2285,1509,1416,1/29/2026,2/12/2026
2286,2066,630,4/7/2025,4/25/2025
2287,1342,965,3/18/2026,3/24/2026
2288,1168,205,1/31/2026,2/11/2026
2289,1044,174,7/14/2025,7/27/2025
2290,2137,1971,6/24/2025,6/28/2025
2291,1167,843,4/14/2025,5/4/2025
2292,2686,641,4/12/2025,4/18/2025
2293,1203,1198,8/24/2025,9/11/2025
2294,1697,187,8/12/2025,8/31/2025
2295,2744,1108,5/1/2026,5/10/2026
2296,2612,1642,12/13/2025,12/28/2025
2297,1733,324,4/1/2025,4/21/2025
2298,1939,153,4/2/2026,4/6/2026
2299,2842,392,3/31/2025,4/10/2025
2300,1898,1681,5/16/2025,5/19/2025
2301,2334,1059,4/15/2026,5/4/2026
2302,1713,977,4/25/2025,5/8/2025
2303,1468,1927,7/12/2025,7/16/2025
2304,1551,1631,4/10/2026,4/18/2026
2305,2454,1445,5/9/2026,5/14/2026
2306,1842,1142,1/15/2026,1/27/2026
2307,1013,1849,7/21/2025,7/31/2025
2308,1396,1888,4/28/2026,5/17/2026
2309,1250,45,10/29/2025,11/6/2025
2310,2150,156,8/21/2025,9/2/2025
2311,1112,452,2/6/2026,2/18/2026
2312,1164,225,10/26/2025,10/29/2025
2313,2512,474,2/5/2025,2/24/2025
2314,1941,1963,9/14/2025,9/20/2025
2315,2487,1465,3/14/2026,3/28/2026
2316,2153,1059,1/3/2026,1/14/2026
2317,2663,191,2/21/2026,3/1/2026
2318,1176,1387,3/11/2026,3/22/2026
2319,2528,1709,9/29/2025,10/2/2025
2320,2300,109,2/2/2025,2/17/2025
2321,2319,918,3/15/2026,4/1/2026
2322,2873,108,9/7/2025,9/11/2025
2323,2401,56,4/22/2026,4/29/2026
2324,2381,1541,4/12/2026,4/18/2026
2325,1326,1983,1/15/2026,1/30/2026
2326,2926,561,4/1/2026,4/6/2026
2327,2808,1438,1/13/2026,1/28/2026
2328,2293,1010,8/14/2025,8/18/2025
2329,1498,583,1/14/2025,1/21/2025
2330,1037,1521,2/3/2026,2/10/2026
2331,1062,1786,7/20/2025,8/7/2025
2332,1356,733,5/2/2025,5/19/2025
2333,2692,1781,1/19/2025,2/8/2025
2334,2589,967,4/2/2026,4/8/2026
2335,1761,1047,6/27/2025,7/4/2025
2336,1441,143,7/3/2025,7/17/2025
2337,1689,1101,1/31/2026,2/8/2026
2338,1312,534,3/28/2026,4/14/2026
2339,2398,1573,3/30/2026,4/2/2026
2340,2685,1641,9/8/2025,9/14/2025
2341,1394,1222,5/20/2025,6/6/2025
2342,1006,435,3/23/2026,3/28/2026
2343,2606,1786,10/21/2025,11/4/2025
2344,2803,1018,3/27/2025,4/10/2025
2345,1875,278,2/21/2026,3/10/2026
2346,2024,801,4/10/2026,4/23/2026
2347,2690,1490,4/19/2025,4/25/2025
2348,2468,727,5/16/2026,5/20/2026
2349,1546,1096,8/1/2025,8/6/2025
2350,1012,715,5/2/2026,5/15/2026
2351,1203,328,4/8/2026,4/11/2026
2352,1261,1455,4/29/2025,5/3/2025
2353,2104,1521,4/27/2026,5/13/2026
2354,1869,747,10/12/2025,10/19/2025
2355,1623,1492,4/11/2026,4/30/2026
2356,2541,537,2/10/2026,2/18/2026
2357,1815,766,1/30/2025,2/12/2025
2358,2395,8,1/21/2025,1/25/2025
2359,2800,1732,6/16/2025,7/2/2025
2360,2436,1672,12/15/2025,12/21/2025
2361,2809,1993,4/4/2025,4/22/2025
2362,2918,696,1/16/2026,1/19/2026
2363,1722,1158,11/6/2025,11/12/2025
2364,1308,344,3/18/2026,3/31/2026
2365,1635,1015,1/31/2025,2/8/2025
2366,1306,1871,3/13/2026,3/30/2026
2367,1708,707,9/6/2025,9/10/2025
2368,2667,692,1/15/2026,1/28/2026
2369,2540,1662,1/21/2025,1/27/2025
2370,2021,1661,7/27/2025,8/12/2025
2371,1412,223,8/26/2025,9/4/2025
2372,1113,988,1/24/2025,2/13/2025
2373,2221,484,4/28/2026,5/9/2026
2374,1166,789,9/27/2025,10/17/2025
2375,1695,1559,10/1/2025,10/20/2025
2376,2126,473,3/16/2026,3/22/2026
2377,2736,1254,7/21/2025,8/2/2025
2378,1867,30,11/29/2025,12/13/2025
2379,1527,1493,12/14/2025,12/18/2025
2380,2043,263,3/3/2025,3/16/2025
2381,2202,201,6/23/2025,6/27/2025
2382,2174,970,7/10/2025,7/23/2025
2383,1361,981,5/24/2025,6/4/2025
2384,1375,6,4/23/2026,5/5/2026
2385,2395,311,4/17/2025,4/25/2025
2386,2949,1837,5/23/2025,6/10/2025
2387,1574,317,2/18/2025,3/8/2025
2388,2967,119,4/3/2025,4/6/2025
2389,2024,369,11/5/2025,11/9/2025
2390,2142,435,7/10/2025,7/20/2025
2391,2110,1766,1/15/2025,2/4/2025
2392,2212,1414,9/30/2025,10/11/2025
2393,2191,1095,4/27/2025,5/15/2025
2394,1188,657,1/22/2025,1/28/2025
2395,1494,880,8/19/2025,9/6/2025
2396,1270,1464,4/19/2025,4/22/2025
2397,1330,555,2/15/2026,2/24/2026
2398,1935,582,1/12/2025,1/26/2025
2399,2339,766,5/3/2026,5/15/2026
2400,2564,669,3/16/2025,4/3/2025
2401,1001,1547,8/13/2025,8/27/2025
2402,2065,1351,4/6/2025,4/10/2025
2403,1890,306,3/27/2026,4/2/2026
2404,2804,583,8/2/2025,8/15/2025
2405,1327,994,11/24/2025,12/2/2025
2406,1112,382,4/17/2026,5/3/2026
2407,2973,735,11/23/2025,11/30/2025
2408,1801,863,1/13/2026,1/19/2026
2409,2186,693,4/25/2026,5/7/2026
2410,1810,545,2/10/2026,2/18/2026
2411,1465,450,9/1/2025,9/17/2025
2412,1269,1318,7/21/2025,7/31/2025
2413,2268,1777,2/5/2025,2/19/2025
2414,1391,1594,8/3/2025,8/21/2025
2415,2355,1153,10/14/2025,10/26/2025
2416,2062,1070,3/15/2026,3/25/2026
2417,1187,386,2/11/2026,2/25/2026
2418,1874,330,1/18/2025,1/25/2025
2419,1945,1249,10/23/2025,11/10/2025
2420,1361,452,2/23/2025,3/12/2025
2421,1648,1278,2/3/2026,2/23/2026
2422,2687,389,10/3/2025,10/22/2025
2423,2021,1787,3/2/2025,3/14/2025
2424,2596,1873,2/4/2026,2/14/2026
2425,1600,653,2/6/2026,2/9/2026
2426,2699,1916,2/12/2026,2/24/2026
2427,1971,1846,4/8/2025,4/16/2025
2428,1927,368,6/27/2025,7/7/2025
2429,2597,1744,9/3/2025,9/19/2025
2430,1880,90,8/10/2025,8/15/2025
2431,2528,1019,10/18/2025,10/25/2025
2432,1622,737,3/2/2025,3/14/2025
2433,1593,817,8/9/2025,8/25/2025
2434,2013,1461,12/30/2025,1/17/2026
2435,1540,1954,3/17/2026,3/24/2026
2436,1813,94,11/15/2025,11/29/2025
2437,1619,629,6/4/2025,6/11/2025
2438,2574,1356,3/28/2025,4/1/2025
2439,2139,1193,7/14/2025,7/19/2025
2440,2884,376,5/15/2025,6/3/2025
2441,1112,1228,8/11/2025,8/26/2025
2442,1360,930,10/12/2025,10/29/2025
2443,1104,627,9/24/2025,10/12/2025
2444,2920,245,2/7/2026,2/25/2026
2445,2310,788,11/1/2025,11/6/2025
2446,1898,761,12/30/2025,1/4/2026
2447,1861,664,3/1/2026,3/11/2026
2448,1710,1433,2/13/2025,2/28/2025
2449,2057,1504,9/19/2025,9/24/2025
2450,1883,155,1/28/2025,2/7/2025
2451,1381,1728,10/14/2025,10/18/2025
2452,2890,847,3/29/2026,4/7/2026
2453,1448,424,2/23/2025,3/10/2025
2454,2089,934,3/6/2026,3/22/2026
2455,1489,732,9/28/2025,10/11/2025
2456,2135,1733,1/21/2025,2/7/2025
2457,2603,945,1/17/2025,1/29/2025
2458,2664,651,10/8/2025,10/17/2025
2459,1568,637,3/27/2026,4/16/2026
2460,1724,1025,1/11/2025,1/24/2025
2461,2812,1019,2/17/2026,3/2/2026
2462,1417,581,4/25/2025,5/8/2025
2463,1977,331,6/18/2025,7/3/2025
2464,2183,847,5/1/2025,5/19/2025
2465,2015,1559,10/16/2025,10/29/2025
2466,1123,309,1/11/2026,1/24/2026
2467,1855,1430,4/18/2026,5/5/2026
2468,2169,1918,10/8/2025,10/12/2025
2469,1887,1428,3/12/2025,3/26/2025
2470,1057,1625,5/16/2025,5/26/2025
2471,2277,1476,8/9/2025,8/17/2025
2472,2021,1501,4/3/2025,4/13/2025
2473,2123,1868,4/20/2025,4/27/2025
2474,2334,1012,1/5/2026,1/13/2026
2475,2587,1195,3/17/2025,3/20/2025
2476,1300,387,1/18/2025,2/5/2025
2477,1499,1973,1/23/2026,2/8/2026
2478,2419,530,8/21/2025,8/28/2025
2479,1268,1556,7/13/2025,7/23/2025
2480,2004,1388,3/17/2025,3/23/2025
2481,2720,1427,3/28/2026,4/8/2026
2482,2074,1645,11/9/2025,11/27/2025
2483,2916,909,9/10/2025,9/17/2025
2484,2308,133,12/3/2025,12/23/2025
2485,2445,1770,3/18/2026,3/25/2026
2486,1186,1244,6/21/2025,6/24/2025
2487,2171,8,8/9/2025,8/24/2025
2488,2478,629,9/26/2025,10/10/2025
2489,2308,1131,3/16/2026,3/29/2026
2490,1461,289,1/24/2025,2/1/2025
2491,1028,1642,12/16/2025,1/2/2026
2492,1750,147,5/2/2025,5/19/2025
2493,1020,475,1/28/2025,2/11/2025
2494,1255,1500,11/13/2025,11/27/2025
2495,2566,1077,11/22/2025,12/9/2025
2496,1972,959,7/18/2025,7/30/2025
2497,2735,425,3/21/2025,4/4/2025
2498,1350,810,5/16/2026,5/20/2026
2499,1816,1290,12/30/2025,1/14/2026
2500,1788,1837,2/26/2025,3/12/2025
2501,1007,1703,3/10/2025,3/29/2025
2502,1867,1852,8/27/2025,9/2/2025
2503,1780,860,5/10/2025,5/14/2025
2504,1869,768,5/27/2025,5/31/2025
2505,1535,1065,5/18/2025,5/21/2025
2506,2908,440,4/3/2025,4/7/2025
2507,1043,176,1/12/2026,1/26/2026
2508,2976,480,8/6/2025,8/18/2025
2509,2493,1452,1/2/2025,1/12/2025
2510,1659,680,8/20/2025,8/26/2025
2511,2075,382,10/26/2025,11/14/2025
2512,2346,1131,11/11/2025,11/15/2025
2513,2096,1564,6/9/2025,6/19/2025
2514,2515,381,3/16/2026,3/28/2026
2515,2243,1077,1/30/2026,2/10/2026
2516,2793,438,10/11/2025,10/25/2025
2517,1749,1816,4/10/2025,4/13/2025
2518,2068,1298,1/9/2025,1/22/2025
2519,1448,1615,4/5/2026,4/21/2026
2520,2403,1830,7/16/2025,7/27/2025
2521,1754,795,2/10/2026,2/15/2026
2522,1137,444,4/27/2025,5/13/2025
2523,1383,1672,9/22/2025,10/2/2025
2524,2143,44,4/8/2025,4/11/2025
2525,1131,764,9/28/2025,10/2/2025
2526,1447,996,9/1/2025,9/17/2025
2527,1346,1628,6/18/2025,6/26/2025
2528,1707,690,3/2/2026,3/11/2026
2529,2003,2000,2/12/2025,2/19/2025
2530,1424,1272,1/14/2025,1/19/2025
2531,2965,639,7/3/2025,7/12/2025
2532,2418,1971,5/2/2025,5/5/2025
2533,1319,435,4/25/2026,5/14/2026
2534,1630,363,6/6/2025,6/22/2025
2535,1434,1570,1/23/2025,2/5/2025
2536,2319,1176,4/29/2025,5/17/2025
2537,1125,1998,3/26/2025,4/15/2025
2538,2153,951,11/22/2025,12/11/2025
2539,2247,1769,2/28/2026,3/15/2026
2540,2442,556,7/20/2025,7/24/2025
2541,1691,1182,2/14/2025,2/20/2025
2542,2385,1529,9/23/2025,10/8/2025
2543,1863,1109,3/14/2026,3/26/2026
2544,2635,1845,9/12/2025,9/29/2025
2545,2340,1786,6/10/2025,6/25/2025
2546,2611,97,1/13/2025,1/23/2025
2547,1709,585,9/6/2025,9/24/2025
2548,1227,381,5/1/2025,5/10/2025
2549,1039,310,1/3/2026,1/19/2026
2550,2412,993,9/27/2025,10/6/2025
2551,2248,859,2/2/2026,2/21/2026
2552,1636,468,4/28/2026,5/6/2026
2553,1377,812,9/28/2025,10/15/2025
2554,1078,972,3/21/2025,4/6/2025
2555,2639,446,3/14/2026,3/19/2026
2556,2986,777,3/6/2025,3/25/2025
2557,2577,1944,5/6/2025,5/15/2025
2558,1942,1243,4/8/2026,4/16/2026
2559,2701,1129,4/4/2026,4/15/2026
2560,1529,1041,9/25/2025,10/12/2025
2561,1413,893,6/23/2025,7/3/2025
2562,2474,83,2/16/2025,3/3/2025
2563,1495,827,1/28/2025,2/4/2025
2564,2552,1090,4/17/2025,4/28/2025
2565,2517,1451,5/30/2025,6/11/2025
2566,1405,618,11/21/2025,12/8/2025
2567,2241,160,4/4/2025,4/23/2025
2568,1846,623,7/17/2025,8/5/2025
2569,1263,1770,12/14/2025,12/31/2025
2570,2360,1280,11/1/2025,11/17/2025
2571,1801,1361,1/5/2026,1/25/2026
2572,1620,1046,12/5/2025,12/22/2025
2573,1469,254,8/26/2025,9/7/2025
2574,2501,518,7/29/2025,8/6/2025
2575,2060,1415,3/10/2026,3/15/2026
2576,2883,1774,12/9/2025,12/26/2025
2577,1604,877,8/7/2025,8/25/2025
2578,2898,912,9/6/2025,9/12/2025
2579,2771,617,2/13/2026,3/1/2026
2580,2961,1194,3/22/2025,4/4/2025
2581,2803,1674,1/15/2026,1/26/2026
2582,1995,552,11/9/2025,11/25/2025
2583,1385,1554,10/27/2025,11/13/2025
2584,1795,1236,12/24/2025,1/1/2026
2585,2232,1863,4/1/2026,4/20/2026
2586,1519,793,1/14/2025,2/1/2025
2587,1005,608,3/23/2026,4/11/2026
2588,1232,1456,3/12/2026,3/27/2026
2589,2155,1787,2/19/2026,3/3/2026
2590,2102,321,3/24/2026,3/27/2026
2591,2206,125,5/26/2025,5/30/2025
2592,2674,769,6/9/2025,6/22/2025
2593,1673,1665,1/22/2026,1/31/2026
2594,1677,1258,1/7/2025,1/23/2025
2595,1641,1230,9/15/2025,9/29/2025
2596,1665,1957,5/7/2025,5/22/2025
2597,1272,162,5/11/2026,5/30/2026
2598,2004,647,1/21/2025,2/4/2025
2599,2709,1298,5/5/2025,5/13/2025
2600,1304,1451,2/9/2025,2/23/2025
2601,1215,1412,11/21/2025,11/28/2025
2602,1292,1020,9/8/2025,9/14/2025
2603,1423,474,1/9/2026,1/13/2026
2604,1235,1493,4/18/2026,4/30/2026
2605,1158,1795,3/9/2025,3/29/2025
2606,2074,1070,2/27/2025,3/9/2025
2607,1195,879,1/8/2025,1/16/2025
2608,1603,1370,2/21/2025,3/5/2025
2609,1183,973,2/23/2026,3/7/2026
2610,2870,956,3/4/2026,3/12/2026
2611,2599,257,10/10/2025,10/24/2025
2612,2791,1051,7/8/2025,7/15/2025
2613,2959,1264,2/9/2026,2/24/2026
2614,1920,1889,7/28/2025,8/13/2025
2615,2250,744,2/12/2026,2/19/2026
2616,2835,349,9/1/2025,9/8/2025
2617,1795,1086,5/16/2025,5/25/2025
2618,2913,1090,2/11/2026,2/18/2026
2619,1365,1499,4/13/2026,4/25/2026
2620,2874,1998,11/5/2025,11/11/2025
2621,2663,1099,1/12/2025,1/22/2025
2622,2228,1289,3/31/2025,4/8/2025
2623,2351,1169,5/5/2025,5/22/2025
2624,1365,1206,12/25/2025,1/12/2026
2625,1512,1916,9/18/2025,9/24/2025
2626,1748,664,10/28/2025,11/6/2025
2627,1827,704,2/1/2026,2/16/2026
2628,2931,280,3/21/2026,4/8/2026
2629,1136,1979,5/26/2025,6/10/2025
2630,2093,1982,10/29/2025,11/14/2025
2631,2086,548,9/14/2025,9/22/2025
2632,1467,778,11/2/2025,11/21/2025
2633,1365,1062,3/18/2026,4/4/2026
2634,1939,491,10/14/2025,11/2/2025
2635,1331,783,4/29/2025,5/17/2025
2636,2298,1875,6/24/2025,7/6/2025
2637,2946,115,2/15/2025,3/5/2025
2638,2266,1832,3/3/2026,3/14/2026
2639,1655,1858,3/19/2025,3/30/2025
2640,2963,821,9/14/2025,10/3/2025
2641,2800,1725,9/14/2025,9/23/2025
2642,1197,946,1/1/2025,1/16/2025
2643,1214,602,10/1/2025,10/19/2025
2644,2404,810,6/30/2025,7/6/2025
2645,1719,591,4/12/2026,5/1/2026
2646,2270,1135,5/10/2026,5/28/2026
2647,1493,1266,4/3/2025,4/10/2025
2648,1294,1219,10/7/2025,10/24/2025
2649,2077,1797,10/23/2025,11/8/2025
2650,1135,284,3/7/2026,3/17/2026
2651,2634,1718,4/10/2026,4/26/2026
2652,2761,1710,7/10/2025,7/14/2025
2653,2554,362,5/16/2026,5/23/2026
2654,2966,1330,7/21/2025,8/9/2025
2655,2641,860,3/4/2026,3/13/2026
2656,2194,807,3/30/2026,4/14/2026
2657,1379,1390,1/25/2026,2/14/2026
2658,1871,1469,4/18/2025,5/3/2025
2659,2801,300,12/22/2025,1/4/2026
2660,2472,1020,4/23/2025,5/13/2025
2661,2238,1933,3/17/2026,3/30/2026
2662,2390,1864,8/1/2025,8/9/2025
2663,2939,216,11/30/2025,12/3/2025
2664,1833,1773,4/11/2025,4/26/2025
2665,1419,1562,11/8/2025,11/11/2025
2666,2147,1016,2/1/2025,2/10/2025
2667,1864,202,3/7/2026,3/13/2026
2668,2436,653,4/11/2026,4/20/2026
2669,1730,621,6/30/2025,7/19/2025
2670,2324,1587,8/23/2025,9/10/2025
2671,1316,908,7/10/2025,7/17/2025
2672,1700,1956,1/5/2025,1/19/2025
2673,1558,1880,4/7/2025,4/11/2025
2674,1261,1409,3/1/2025,3/16/2025
2675,2756,1801,10/12/2025,10/25/2025
2676,1955,302,3/21/2026,3/24/2026
2677,1285,366,10/20/2025,11/8/2025
2678,2946,1931,12/26/2025,1/9/2026
2679,1732,1821,3/22/2025,3/30/2025
2680,1907,1000,3/30/2025,4/19/2025
2681,1076,882,7/1/2025,7/7/2025
2682,2853,1936,3/26/2026,4/7/2026
2683,2044,541,7/21/2025,7/30/2025
2684,2047,957,5/5/2025,5/10/2025
2685,1941,549,9/13/2025,9/17/2025
2686,1006,878,8/7/2025,8/12/2025
2687,1089,86,8/12/2025,8/27/2025
2688,2966,233,4/24/2025,5/5/2025
2689,2268,1707,1/17/2026,2/4/2026
2690,1450,1344,6/13/2025,6/24/2025
2691,1300,1659,4/30/2026,5/20/2026
2692,1960,139,4/13/2026,5/2/2026
2693,1040,908,11/24/2025,12/12/2025
2694,1847,833,3/12/2026,4/1/2026
2695,2684,967,3/5/2026,3/24/2026
2696,2903,973,5/8/2026,5/25/2026
2697,2800,8,8/5/2025,8/9/2025
2698,1159,56,3/29/2026,4/13/2026
2699,2054,1705,1/25/2025,2/2/2025
2700,2722,1691,2/27/2025,3/2/2025
2701,1941,411,12/27/2025,1/15/2026
2702,2298,1757,4/4/2025,4/15/2025
2703,1914,1188,10/5/2025,10/25/2025
2704,1572,1133,1/5/2025,1/23/2025
2705,2914,253,7/3/2025,7/23/2025
2706,2104,1981,7/30/2025,8/2/2025
2707,2819,1681,10/22/2025,11/10/2025
2708,1859,846,12/13/2025,1/2/2026
2709,2476,1082,10/24/2025,11/8/2025
2710,1716,1551,2/15/2026,2/21/2026
2711,1903,1036,2/7/2026,2/18/2026
2712,1932,1286,2/22/2025,3/13/2025
2713,1430,1326,4/30/2026,5/12/2026
2714,1203,836,8/2/2025,8/13/2025
2715,1140,367,2/20/2026,3/10/2026
2716,2102,598,3/28/2026,4/11/2026
2717,1983,1083,4/8/2026,4/24/2026
2718,1637,794,10/28/2025,11/17/2025
2719,2960,937,5/26/2025,5/31/2025
2720,2400,1106,9/24/2025,9/28/2025
2721,2834,782,8/2/2025,8/11/2025
2722,2611,19,5/11/2025,5/20/2025
2723,1842,610,7/4/2025,7/21/2025
2724,2785,711,3/21/2026,4/3/2026
2725,2158,993,3/29/2025,4/10/2025
2726,1036,877,4/27/2026,5/5/2026
2727,2483,1803,10/22/2025,11/11/2025
2728,2963,1704,4/29/2025,5/12/2025
2729,1684,1179,2/21/2025,3/7/2025
2730,1215,1340,5/1/2025,5/15/2025
2731,2579,1090,1/7/2025,1/18/2025
2732,2937,1021,8/24/2025,9/8/2025
2733,1546,555,1/7/2025,1/20/2025
2734,1653,1300,3/5/2025,3/17/2025
2735,2893,691,5/11/2026,5/24/2026
2736,2265,425,5/13/2025,6/1/2025
2737,2526,182,8/8/2025,8/26/2025
2738,1360,1157,4/19/2025,5/8/2025
2739,1654,272,1/14/2026,1/29/2026
2740,1472,1823,4/10/2025,4/29/2025
2741,1137,51,11/27/2025,12/4/2025
2742,2547,1485,1/19/2026,1/25/2026
2743,1367,1696,8/21/2025,9/8/2025
2744,1542,1024,1/11/2025,1/28/2025
2745,2685,1392,2/7/2026,2/13/2026
2746,1287,455,1/3/2025,1/14/2025
2747,1499,1431,8/26/2025,9/15/2025
2748,1323,1720,2/4/2025,2/16/2025
2749,1293,1768,1/30/2025,2/14/2025
2750,1867,591,3/7/2025,3/21/2025
2751,1184,129,4/8/2026,4/24/2026
2752,2684,125,3/25/2026,4/12/2026
2753,2795,1792,10/5/2025,10/24/2025
2754,2079,1869,11/2/2025,11/18/2025
2755,1297,1056,1/26/2026,2/9/2026
2756,2553,1366,12/23/2025,1/7/2026
2757,1585,1481,3/14/2026,3/20/2026
2758,1097,1504,6/26/2025,7/15/2025
2759,2280,1273,4/3/2025,4/12/2025
2760,1571,786,1/16/2025,2/1/2025
2761,1846,877,7/31/2025,8/20/2025
2762,2909,1418,10/9/2025,10/24/2025
2763,1742,239,3/6/2026,3/22/2026
2764,1708,53,11/11/2025,11/27/2025
2765,1275,1597,3/11/2025,3/20/2025
2766,1359,716,3/20/2026,3/31/2026
2767,2365,867,11/25/2025,11/28/2025
2768,1689,1400,11/21/2025,12/6/2025
2769,1149,427,5/20/2025,5/25/2025
2770,2697,546,4/10/2026,4/25/2026
2771,1268,1834,7/8/2025,7/17/2025
2772,2920,93,10/14/2025,10/19/2025
2773,1777,809,2/6/2025,2/17/2025
2774,1249,22,5/3/2026,5/12/2026
2775,1789,1575,1/9/2026,1/12/2026
2776,2586,589,4/18/2026,4/23/2026
2777,1339,296,4/13/2025,4/27/2025
2778,1672,652,1/5/2026,1/18/2026
2779,1616,1148,3/25/2025,4/2/2025
2780,1045,468,9/21/2025,10/2/2025
2781,2590,1541,2/10/2025,3/1/2025
2782,1946,688,9/5/2025,9/19/2025
2783,1205,1324,7/7/2025,7/11/2025
2784,1278,226,7/22/2025,8/7/2025
2785,2922,1373,5/28/2025,6/1/2025
2786,2184,725,10/1/2025,10/16/2025
2787,1517,893,5/16/2025,5/31/2025
2788,2344,1405,11/4/2025,11/7/2025
2789,1975,1861,1/7/2025,1/12/2025
2790,1680,631,6/6/2025,6/18/2025
2791,2814,1004,4/25/2025,5/15/2025
2792,2233,1076,11/29/2025,12/13/2025
2793,1284,140,5/11/2026,5/24/2026
2794,1156,1732,12/26/2025,12/31/2025
2795,1873,1175,1/30/2025,2/7/2025
2796,2016,1136,2/3/2026,2/19/2026
2797,2409,1299,7/19/2025,7/27/2025
2798,1824,1119,12/4/2025,12/10/2025
2799,1764,145,3/9/2026,3/19/2026
2800,1613,1035,7/17/2025,7/20/2025
2801,1211,877,4/21/2025,5/2/2025
2802,2403,327,6/11/2025,7/1/2025
2803,2228,1163,4/21/2025,4/28/2025
2804,1923,1968,1/1/2025,1/12/2025
2805,2224,202,5/8/2026,5/19/2026
2806,2544,342,5/12/2025,5/16/2025
2807,1544,225,8/2/2025,8/5/2025
2808,1462,1773,4/11/2026,4/30/2026
2809,2604,1014,4/21/2025,5/3/2025
2810,2933,745,3/28/2026,4/5/2026
2811,2054,624,3/20/2026,3/29/2026
2812,1141,421,11/12/2025,11/28/2025
2813,2125,1353,6/20/2025,6/30/2025
2814,2296,324,5/18/2025,6/3/2025
2815,2999,1722,10/29/2025,11/9/2025
2816,2574,704,5/1/2025,5/13/2025
2817,2961,814,7/16/2025,7/21/2025
2818,2192,1667,2/13/2026,3/4/2026
2819,2227,705,5/12/2026,5/19/2026
2820,1468,815,5/31/2025,6/6/2025
2821,1323,254,6/20/2025,6/28/2025
2822,2114,326,2/15/2025,2/21/2025
2823,1527,1360,5/23/2025,6/5/2025
2824,2770,1569,9/1/2025,9/9/2025
2825,1828,1911,7/19/2025,7/22/2025
2826,1207,224,1/10/2025,1/27/2025
2827,2120,1899,1/24/2026,2/5/2026
2828,1475,360,11/7/2025,11/18/2025
2829,2336,631,4/22/2025,4/29/2025
2830,1252,1382,9/8/2025,9/17/2025
2831,1962,1563,3/29/2025,4/16/2025
2832,1879,200,8/3/2025,8/11/2025
2833,2820,667,1/31/2025,2/11/2025
2834,1394,1512,8/10/2025,8/21/2025
2835,1827,738,2/18/2026,2/23/2026
2836,2484,1096,10/29/2025,11/6/2025
2837,2415,744,6/12/2025,6/15/2025
2838,1216,73,1/4/2026,1/11/2026
2839,1129,525,4/11/2025,5/1/2025
2840,1054,1569,3/1/2025,3/6/2025
2841,1656,298,11/8/2025,11/24/2025
2842,2294,1075,5/16/2026,5/29/2026
2843,1743,860,7/11/2025,7/28/2025
2844,1728,1863,8/11/2025,8/31/2025
2845,1929,500,4/14/2025,5/1/2025
2846,2487,801,5/4/2026,5/8/2026
2847,2611,977,3/10/2025,3/18/2025
2848,1259,1394,2/26/2025,3/11/2025
2849,1504,1762,11/25/2025,11/28/2025
2850,2068,1704,6/4/2025,6/21/2025
2851,2452,952,11/23/2025,12/13/2025
2852,2312,1543,11/12/2025,11/18/2025
2853,1513,1448,3/6/2026,3/15/2026
2854,2119,1830,8/28/2025,9/8/2025
2855,1482,96,1/25/2025,2/5/2025
2856,2793,25,3/10/2026,3/16/2026
2857,2956,1561,3/1/2026,3/19/2026
2858,2709,1535,9/24/2025,10/10/2025
2859,1203,518,4/5/2025,4/19/2025
2860,1458,684,8/8/2025,8/18/2025
2861,2083,1064,5/6/2026,5/16/2026
2862,2559,1274,6/11/2025,6/21/2025
2863,2419,376,10/14/2025,10/20/2025
2864,2764,758,4/10/2025,4/29/2025
2865,2558,63,8/18/2025,8/29/2025
2866,1004,39,5/3/2026,5/21/2026
2867,1369,1723,4/24/2026,5/8/2026
2868,1626,414,6/26/2025,7/2/2025
2869,2298,835,12/10/2025,12/21/2025
2870,2045,1857,4/18/2026,4/21/2026
2871,2099,186,2/3/2025,2/6/2025
2872,2038,435,5/8/2026,5/20/2026
2873,1766,1073,4/5/2025,4/12/2025
2874,2629,1000,12/18/2025,12/28/2025
2875,1371,211,12/5/2025,12/22/2025
2876,2795,1243,1/23/2025,2/4/2025
2877,1020,133,7/19/2025,7/29/2025
2878,1369,618,1/22/2025,1/25/2025
2879,1080,1154,9/5/2025,9/16/2025
2880,1204,930,12/26/2025,1/1/2026
2881,1650,1788,4/3/2025,4/8/2025
2882,1215,791,1/30/2025,2/6/2025
2883,1924,1170,1/4/2026,1/14/2026
2884,1396,1207,6/7/2025,6/12/2025
2885,2521,432,2/24/2026,3/6/2026
2886,2493,737,7/26/2025,7/29/2025
2887,2217,300,4/1/2025,4/21/2025
2888,2443,1119,1/27/2026,2/14/2026
2889,2750,662,5/21/2025,6/6/2025
2890,2937,1000,12/27/2025,1/7/2026
2891,1880,1041,10/16/2025,10/29/2025
2892,1188,397,4/8/2026,4/16/2026
2893,1014,1613,4/1/2026,4/8/2026
2894,2988,875,1/13/2025,1/17/2025
2895,2364,493,2/20/2026,3/8/2026
2896,2350,874,4/18/2026,5/3/2026
2897,2754,208,5/9/2026,5/27/2026
2898,1525,1012,10/18/2025,11/2/2025
2899,1671,314,8/29/2025,9/7/2025
2900,2786,1013,7/16/2025,7/26/2025
2901,1143,1885,1/6/2026,1/24/2026
2902,1263,257,10/24/2025,11/6/2025
2903,2823,1680,10/15/2025,10/20/2025
2904,1292,516,12/13/2025,12/31/2025
2905,2013,1548,5/11/2026,5/22/2026
2906,1992,1362,7/3/2025,7/7/2025
2907,1700,391,3/28/2026,4/14/2026
2908,2173,755,4/1/2026,4/4/2026
2909,1657,758,2/13/2026,2/19/2026
2910,2370,1523,11/7/2025,11/14/2025
2911,2496,1613,5/1/2026,5/6/2026
2912,1236,1432,1/23/2025,1/27/2025
2913,2630,1824,5/24/2025,6/6/2025
2914,2604,662,2/1/2025,2/18/2025
2915,1660,1703,11/13/2025,11/20/2025
2916,1495,101,8/9/2025,8/24/2025
2917,1493,890,7/1/2025,7/9/2025
2918,2882,1266,11/12/2025,11/28/2025
2919,2327,23,5/12/2026,5/31/2026
2920,2146,1655,4/11/2025,4/30/2025
2921,1024,415,9/8/2025,9/19/2025
2922,1904,746,4/6/2026,4/14/2026
2923,1959,1580,8/8/2025,8/18/2025
2924,2248,1204,9/26/2025,10/15/2025
2925,1094,1817,12/21/2025,12/31/2025
2926,2705,1634,4/28/2026,5/5/2026
2927,2941,701,8/21/2025,8/28/2025
2928,2656,364,2/11/2026,2/21/2026
2929,1561,1632,11/11/2025,11/25/2025
2930,2563,1080,2/25/2025,3/3/2025
2931,2621,1814,11/19/2025,11/27/2025
2932,1514,908,1/11/2025,1/18/2025
2933,1278,1143,1/3/2026,1/14/2026
2934,2222,496,7/23/2025,8/8/2025
2935,1374,1430,9/24/2025,10/2/2025
2936,1402,1342,6/18/2025,7/1/2025
2937,2300,1893,1/7/2025,1/19/2025
2938,2357,731,10/29/2025,11/3/2025
2939,2980,177,3/20/2025,3/27/2025
2940,2078,1469,3/10/2026,3/14/2026
2941,2400,66,4/11/2026,4/18/2026
2942,1959,1066,1/24/2026,1/30/2026
2943,1166,295,7/23/2025,7/27/2025
2944,1961,1802,5/6/2025,5/23/2025
2945,2100,234,9/15/2025,10/1/2025
2946,2546,198,4/21/2025,5/6/2025
2947,1623,514,2/2/2025,2/15/2025
2948,1689,71,4/27/2026,5/12/2026
2949,2534,504,1/22/2025,1/28/2025
2950,1204,906,1/27/2025,1/30/2025
2951,1888,1465,2/15/2025,2/19/2025
2952,1873,1712,10/23/2025,10/31/2025
2953,2446,1370,2/3/2025,2/20/2025
2954,1198,1623,9/27/2025,10/7/2025
2955,2895,536,3/5/2025,3/14/2025
2956,1547,690,1/3/2026,1/13/2026
2957,2861,307,1/16/2026,1/19/2026
2958,1796,811,4/11/2025,4/28/2025
2959,2095,242,6/27/2025,7/8/2025
2960,2057,327,4/28/2026,5/16/2026
2961,1910,1232,5/21/2025,6/1/2025
2962,2219,321,1/30/2026,2/3/2026
2963,1350,1785,3/6/2025,3/20/2025
2964,2000,1091,6/11/2025,6/27/2025
2965,1723,692,1/5/2025,1/20/2025
2966,1906,1990,4/7/2025,4/10/2025
2967,1681,1453,3/7/2025,3/21/2025
2968,1010,1412,2/15/2025,2/27/2025
2969,2011,1891,12/6/2025,12/18/2025
2970,1160,943,2/22/2025,3/2/2025
2971,1498,1808,2/14/2026,2/24/2026
2972,1053,478,1/16/2026,1/28/2026
2973,2665,112,7/15/2025,7/19/2025
2974,1898,633,11/22/2025,12/9/2025
2975,2470,1681,1/31/2026,2/7/2026
2976,2003,513,12/31/2025,1/12/2026
2977,1305,490,2/18/2026,2/23/2026
2978,2867,734,11/17/2025,11/22/2025
2979,1216,6,5/7/2025,5/14/2025
2980,1119,330,11/22/2025,11/25/2025
2981,2807,1172,2/27/2025,3/3/2025
2982,2700,757,11/7/2025,11/13/2025
2983,1225,1183,3/17/2026,3/22/2026
2984,2442,1012,1/30/2026,2/9/2026
2985,2712,118,1/30/2026,2/4/2026
2986,2018,598,5/6/2025,5/9/2025
2987,1285,681,9/17/2025,9/27/2025
2988,2046,1413,7/21/2025,7/27/2025
2989,1234,1446,5/8/2025,5/26/2025
2990,1439,1491,4/18/2025,4/23/2025
2991,2540,521,2/21/2025,3/1/2025
2992,1414,429,3/21/2026,3/28/2026
2993,2277,883,9/13/2025,9/23/2025
2994,2807,1866,10/16/2025,10/21/2025
2995,1282,1229,3/10/2026,3/29/2026
2996,1172,202,2/27/2025,3/11/2025
2997,2596,173,3/24/2025,4/12/2025
2998,2261,62,10/19/2025,10/25/2025
2999,2343,880,7/10/2025,7/28/2025
3000,2347,723,7/25/2025,8/7/2025
3001,2056,673,11/23/2025,12/12/2025
3002,1191,1074,8/15/2025,8/18/2025
3003,2468,518,4/24/2025,5/6/2025
3004,1331,1506,7/19/2025,7/27/2025
3005,2788,1892,2/20/2025,3/5/2025
3006,1025,192,2/11/2026,2/22/2026
3007,2792,233,1/10/2026,1/21/2026
3008,2436,883,4/20/2025,5/10/2025
3009,2419,1012,9/6/2025,9/24/2025
3010,2231,299,1/3/2026,1/7/2026
3011,2535,1823,11/6/2025,11/19/2025
3012,1123,1843,5/6/2026,5/17/2026
3013,1136,1450,2/12/2026,2/27/2026
3014,2100,1459,2/3/2026,2/8/2026
3015,1036,1796,4/25/2026,5/9/2026
3016,2477,1437,12/2/2025,12/15/2025
3017,2635,1038,4/21/2025,4/29/2025
3018,2033,501,6/28/2025,7/14/2025
3019,2451,1621,6/1/2025,6/17/2025
3020,2344,51,10/17/2025,11/1/2025
3021,2733,989,11/30/2025,12/11/2025
3022,2856,1091,5/13/2026,5/19/2026
3023,1742,290,2/24/2025,3/7/2025
3024,2442,1304,2/14/2026,3/1/2026
3025,1597,1350,5/23/2025,5/28/2025
3026,1714,467,9/27/2025,10/15/2025
3027,2857,430,8/12/2025,8/23/2025
3028,1741,982,10/28/2025,11/14/2025
3029,1632,390,4/28/2026,5/8/2026
3030,1955,106,1/1/2026,1/6/2026
3031,2685,170,11/30/2025,12/16/2025
3032,2981,1439,2/6/2025,2/24/2025
3033,1713,1748,10/31/2025,11/11/2025
3034,1790,948,1/2/2026,1/18/2026
3035,1708,1648,10/2/2025,10/21/2025
3036,1923,846,10/12/2025,10/16/2025
3037,2767,220,6/30/2025,7/11/2025
3038,2717,495,1/12/2026,1/20/2026
3039,2578,818,5/15/2025,5/26/2025
3040,1284,1635,10/15/2025,10/21/2025
3041,1392,1530,7/25/2025,8/5/2025
3042,1857,174,2/17/2026,2/22/2026
3043,1109,210,9/6/2025,9/21/2025
3044,2261,904,4/9/2026,4/18/2026
3045,2088,1881,8/13/2025,8/26/2025
3046,2962,913,6/19/2025,6/28/2025
3047,1809,133,1/19/2026,1/30/2026
3048,2336,177,4/10/2025,4/20/2025
3049,2294,1729,1/1/2026,1/21/2026
3050,2745,1003,2/15/2025,3/6/2025
3051,1556,199,8/1/2025,8/9/2025
3052,1243,541,1/23/2026,1/26/2026
3053,2265,1233,7/19/2025,8/5/2025
3054,2338,1762,11/8/2025,11/25/2025
3055,1080,49,4/11/2025,4/25/2025
3056,1906,1228,2/4/2026,2/19/2026
3057,1846,734,2/10/2026,2/22/2026
3058,2291,650,3/19/2026,3/29/2026
3059,2515,470,5/5/2026,5/12/2026
3060,2309,1538,12/23/2025,1/1/2026
3061,1165,1699,3/11/2026,3/28/2026
3062,2890,1343,10/28/2025,11/15/2025
3063,1003,1404,6/14/2025,6/24/2025
3064,1879,504,5/20/2025,6/8/2025
3065,1925,459,11/26/2025,12/15/2025
3066,2837,1819,10/8/2025,10/16/2025
3067,1801,387,2/22/2026,3/6/2026
3068,1024,1896,9/4/2025,9/9/2025
3069,1953,1904,8/29/2025,9/16/2025
3070,2441,199,1/3/2026,1/19/2026
3071,1760,1222,10/21/2025,11/4/2025
3072,1573,1707,5/10/2025,5/22/2025
3073,2518,1680,8/22/2025,8/28/2025
3074,2011,11,5/18/2025,5/24/2025
3075,2413,1490,6/11/2025,6/29/2025
3076,2010,937,11/13/2025,11/24/2025
3077,1820,189,4/10/2025,4/16/2025
3078,2207,1322,5/13/2025,5/26/2025
3079,1191,1702,3/18/2026,3/25/2026
3080,1747,1871,10/1/2025,10/10/2025
3081,1941,389,5/29/2025,6/9/2025
3082,2907,1828,10/18/2025,10/21/2025
3083,2596,1089,4/11/2025,4/25/2025
3084,2243,356,1/10/2025,1/26/2025
3085,1431,144,5/16/2025,6/2/2025
3086,2631,398,1/19/2026,1/27/2026
3087,1538,107,3/5/2025,3/10/2025
3088,2493,1422,1/20/2026,2/8/2026
3089,2135,206,1/7/2025,1/24/2025
3090,2230,177,3/9/2025,3/14/2025
3091,1070,1084,5/2/2025,5/11/2025
3092,1351,1020,7/12/2025,7/24/2025
3093,2075,995,7/26/2025,8/8/2025
3094,2541,1971,4/13/2026,4/29/2026
3095,1187,357,3/13/2026,3/25/2026
3096,1547,1355,9/7/2025,9/21/2025
3097,1243,956,4/1/2025,4/17/2025
3098,2313,450,11/27/2025,12/15/2025
3099,1848,216,7/4/2025,7/16/2025
3100,1185,723,4/19/2026,4/24/2026
3101,1445,408,6/1/2025,6/19/2025
3102,2855,599,5/14/2026,5/29/2026
3103,1520,1062,7/20/2025,8/8/2025
3104,1932,94,3/27/2025,4/5/2025
3105,1841,725,4/13/2026,5/2/2026
3106,2159,1090,1/5/2026,1/14/2026
3107,1716,679,12/6/2025,12/16/2025
3108,1823,1201,11/10/2025,11/23/2025
3109,1494,376,4/5/2026,4/20/2026
3110,1936,31,10/27/2025,10/31/2025
3111,2333,105,10/30/2025,11/13/2025
3112,2201,34,12/2/2025,12/7/2025
3113,2575,1691,8/15/2025,9/1/2025
3114,2565,828,1/16/2026,1/20/2026
3115,1913,1419,2/4/2026,2/19/2026
3116,2752,1588,3/13/2025,3/21/2025
3117,1811,1351,9/11/2025,9/19/2025
3118,1684,1627,4/1/2025,4/6/2025
3119,1322,773,4/12/2025,4/20/2025
3120,2067,401,8/16/2025,8/24/2025
3121,1595,286,9/11/2025,9/28/2025
3122,1984,791,8/6/2025,8/16/2025
3123,1929,1289,3/9/2025,3/24/2025
3124,2457,1873,3/31/2025,4/12/2025
3125,1640,571,3/10/2026,3/15/2026
3126,1500,262,8/30/2025,9/8/2025
3127,1318,95,5/12/2025,5/15/2025
3128,1813,590,9/22/2025,10/7/2025
3129,1136,664,2/22/2025,3/6/2025
3130,2419,1503,9/28/2025,10/6/2025
3131,1121,529,3/21/2025,3/26/2025
3132,1165,1218,4/16/2025,5/1/2025
3133,2201,1835,8/6/2025,8/22/2025
3134,2855,118,12/5/2025,12/17/2025
3135,2008,695,2/12/2025,2/22/2025
3136,1734,1568,10/18/2025,10/21/2025
3137,2149,383,4/7/2025,4/13/2025
3138,1642,589,5/4/2025,5/21/2025
3139,1106,540,2/26/2026,3/9/2026
3140,1605,366,10/19/2025,11/7/2025
3141,1034,129,2/7/2025,2/10/2025
3142,1828,716,3/5/2025,3/8/2025
3143,2854,1554,4/6/2026,4/19/2026
3144,1544,240,2/23/2026,3/7/2026
3145,2973,508,4/7/2026,4/13/2026
3146,2836,354,7/8/2025,7/24/2025
3147,1251,14,5/28/2025,5/31/2025
3148,1263,224,9/28/2025,10/7/2025
3149,1387,454,10/11/2025,10/28/2025
3150,2488,86,5/9/2025,5/16/2025
3151,2558,1282,2/10/2026,2/14/2026
3152,1802,1883,5/6/2025,5/15/2025
3153,2274,980,12/8/2025,12/23/2025
3154,1505,178,3/31/2026,4/14/2026
3155,1193,828,1/23/2025,2/10/2025
3156,2757,1949,1/7/2026,1/27/2026
3157,1851,1757,1/5/2026,1/14/2026
3158,1182,1013,6/13/2025,7/2/2025
3159,1943,32,1/4/2026,1/20/2026
3160,1883,307,2/4/2025,2/15/2025
3161,2761,1638,10/21/2025,10/24/2025
3162,1799,354,6/17/2025,6/26/2025
3163,1955,1826,3/20/2025,4/5/2025
3164,1428,1232,9/11/2025,9/14/2025
3165,2393,1610,2/8/2026,2/22/2026
3166,2634,52,6/23/2025,7/11/2025
3167,1471,187,2/7/2025,2/16/2025
3168,1479,482,1/7/2026,1/14/2026
3169,1713,725,9/21/2025,10/10/2025
3170,2927,303,2/25/2025,3/4/2025
3171,2222,985,8/31/2025,9/19/2025
3172,2699,323,5/3/2025,5/20/2025
3173,1267,99,3/22/2025,3/29/2025
3174,2514,1196,4/9/2026,4/19/2026
3175,1352,154,1/19/2025,2/2/2025
3176,2984,296,5/3/2025,5/7/2025
3177,2624,1052,4/25/2025,5/13/2025
3178,2241,468,12/21/2025,1/6/2026
3179,2815,319,2/4/2025,2/9/2025
3180,2003,1060,3/20/2026,4/4/2026
3181,2316,1234,2/17/2025,3/9/2025
3182,1222,724,3/13/2026,4/1/2026
3183,2035,1995,1/27/2025,2/4/2025
3184,1984,469,3/15/2025,3/29/2025
3185,2496,1905,7/27/2025,8/16/2025
3186,1159,1607,10/4/2025,10/20/2025
3187,2037,399,3/12/2025,3/29/2025
3188,2113,1738,2/10/2025,2/20/2025
3189,2902,960,5/2/2025,5/19/2025
3190,1245,1934,6/5/2025,6/8/2025
3191,1275,1408,4/8/2025,4/11/2025
3192,2428,1824,9/15/2025,9/27/2025
3193,1310,1351,6/15/2025,6/28/2025
3194,2741,1835,1/13/2025,1/19/2025
3195,1600,259,5/15/2025,5/29/2025
3196,1954,1039,5/16/2026,5/31/2026
3197,1291,1886,3/15/2026,3/28/2026
3198,1400,409,3/24/2025,4/6/2025
3199,1566,698,3/26/2025,4/11/2025
3200,2447,1592,11/3/2025,11/13/2025
3201,2197,56,10/22/2025,11/4/2025
3202,2310,1672,6/14/2025,6/28/2025
3203,1646,1534,12/24/2025,1/11/2026
3204,1049,1079,1/21/2026,2/4/2026
3205,1966,1866,1/30/2026,2/2/2026
3206,2423,1207,5/2/2025,5/19/2025
3207,1831,466,11/5/2025,11/22/2025
3208,2223,1638,3/9/2026,3/23/2026
3209,2150,1330,4/7/2025,4/21/2025
3210,2181,711,2/24/2026,3/3/2026
3211,1726,1777,4/20/2025,5/1/2025
3212,1733,962,10/25/2025,11/7/2025
3213,2922,862,1/31/2025,2/13/2025
3214,1956,1794,1/20/2026,2/4/2026
3215,2608,478,1/15/2026,1/25/2026
3216,1182,1443,12/10/2025,12/26/2025
3217,2903,1969,4/17/2025,4/29/2025
3218,1682,556,6/17/2025,7/3/2025
3219,2198,1635,1/14/2025,2/1/2025
3220,2858,1941,1/30/2026,2/18/2026
3221,1736,1012,5/5/2026,5/10/2026
3222,1342,911,3/28/2026,4/5/2026
3223,2302,671,4/10/2026,4/21/2026
3224,1591,867,3/25/2025,3/30/2025
3225,1809,688,2/22/2025,3/8/2025
3226,1708,1242,12/11/2025,12/19/2025
3227,1098,1436,4/17/2026,4/20/2026
3228,2215,1448,1/2/2026,1/16/2026
3229,1227,565,6/9/2025,6/21/2025
3230,2420,1709,7/30/2025,8/17/2025
3231,2167,874,3/20/2026,3/25/2026
3232,1574,1392,2/1/2026,2/11/2026
3233,2912,218,2/9/2026,2/27/2026
3234,1141,1524,5/4/2025,5/7/2025
3235,1472,36,4/6/2025,4/14/2025
3236,2578,265,3/26/2026,4/14/2026
3237,2911,1799,7/6/2025,7/11/2025
3238,2652,747,5/3/2025,5/10/2025
3239,2428,38,4/2/2026,4/7/2026
3240,1663,1090,2/25/2026,3/17/2026
3241,2354,744,12/9/2025,12/23/2025
3242,2115,614,5/12/2025,5/30/2025
3243,2200,992,2/9/2025,2/18/2025
3244,1272,512,1/20/2025,2/1/2025
3245,1853,178,3/11/2026,3/30/2026
3246,2129,885,5/8/2025,5/20/2025
3247,1895,255,8/8/2025,8/20/2025
3248,2705,880,3/27/2026,4/6/2026
3249,2987,1964,4/18/2026,4/22/2026
3250,1442,1053,10/2/2025,10/11/2025
3251,2267,1971,9/18/2025,10/6/2025
3252,1830,226,9/12/2025,9/30/2025
3253,1803,964,5/26/2025,6/14/2025
3254,2102,1222,5/27/2025,6/15/2025
3255,1199,1924,7/7/2025,7/20/2025
3256,2468,1779,8/30/2025,9/15/2025
3257,1093,1028,4/12/2026,4/17/2026
3258,1223,496,9/11/2025,9/28/2025
3259,1955,453,4/11/2025,4/26/2025
3260,2741,753,3/3/2025,3/23/2025
3261,2649,541,10/5/2025,10/8/2025
3262,1229,909,1/23/2025,2/1/2025
3263,1961,1987,12/7/2025,12/15/2025
3264,1475,242,8/19/2025,9/5/2025
3265,1739,1442,7/18/2025,7/22/2025
3266,2167,241,11/25/2025,12/2/2025
3267,2632,169,1/9/2025,1/15/2025
3268,1997,1174,11/5/2025,11/9/2025
3269,1859,565,6/7/2025,6/24/2025
3270,1687,760,3/13/2026,3/22/2026
3271,2735,933,2/24/2025,3/2/2025
3272,1210,1739,4/6/2026,4/24/2026
3273,1081,981,5/13/2026,5/23/2026
3274,1688,1678,10/26/2025,11/5/2025
3275,2465,1300,2/14/2025,2/28/2025
3276,1996,488,1/17/2025,1/28/2025
3277,2919,625,12/17/2025,1/6/2026
3278,1143,640,2/21/2025,3/3/2025
3279,2896,489,4/7/2026,4/25/2026
3280,1879,1733,8/12/2025,8/30/2025
3281,1057,781,1/11/2026,1/19/2026
3282,1963,724,2/3/2025,2/10/2025
3283,1973,1873,1/11/2025,1/28/2025
3284,1332,1414,4/13/2026,5/1/2026
3285,1285,922,3/13/2025,3/31/2025
3286,2867,1413,4/7/2025,4/23/2025
3287,2848,1086,11/18/2025,12/8/2025
3288,1144,1103,11/17/2025,12/2/2025
3289,1659,1668,4/12/2025,4/21/2025
3290,2890,589,12/9/2025,12/19/2025
3291,1585,1867,12/18/2025,1/5/2026
3292,1882,1924,9/26/2025,10/8/2025
3293,1648,1463,8/8/2025,8/20/2025
3294,1941,1418,2/9/2026,2/27/2026
3295,1777,937,11/17/2025,12/3/2025
3296,1391,377,1/9/2026,1/18/2026
3297,2632,707,3/15/2026,3/24/2026
3298,1919,842,5/14/2026,5/23/2026
3299,1847,640,10/13/2025,10/16/2025
3300,2736,1635,2/6/2026,2/16/2026
3301,1944,1037,11/17/2025,11/22/2025
3302,1578,1050,9/30/2025,10/17/2025
3303,1438,1908,4/4/2025,4/23/2025
3304,2830,1991,6/28/2025,7/16/2025
3305,1551,1500,5/3/2026,5/19/2026
3306,1965,1268,2/12/2026,2/23/2026
3307,2529,1833,8/1/2025,8/12/2025
3308,2302,1585,3/9/2025,3/13/2025
3309,2313,1539,11/24/2025,12/1/2025
3310,1459,489,7/15/2025,7/29/2025
3311,1450,800,11/27/2025,12/8/2025
3312,1034,1494,1/6/2026,1/16/2026
3313,2332,1161,4/21/2026,4/26/2026
3314,1707,808,9/9/2025,9/26/2025
3315,1983,497,11/24/2025,12/10/2025
3316,1114,1437,7/6/2025,7/19/2025
3317,1362,1822,9/13/2025,9/27/2025
3318,1657,1780,12/6/2025,12/15/2025
3319,1944,89,1/23/2026,2/9/2026
3320,1542,683,4/14/2025,4/30/2025
3321,1329,381,1/21/2026,2/3/2026
3322,1925,4,7/8/2025,7/24/2025
3323,2854,893,7/14/2025,8/2/2025
3324,1818,1883,8/8/2025,8/25/2025
3325,1281,827,2/11/2026,2/15/2026
3326,2069,655,3/27/2026,4/7/2026
3327,1662,464,7/2/2025,7/5/2025
3328,2125,1574,11/17/2025,11/20/2025
3329,2917,1197,1/14/2026,1/17/2026
3330,2848,119,11/21/2025,12/11/2025
3331,1597,1496,3/14/2025,3/29/2025
3332,2453,272,10/18/2025,10/22/2025
3333,2158,1436,9/4/2025,9/24/2025
3334,1502,1848,2/18/2025,3/8/2025
3335,2932,1167,3/10/2025,3/30/2025
3336,2786,417,12/1/2025,12/18/2025
3337,2083,1093,11/30/2025,12/9/2025
3338,1581,642,1/29/2026,2/7/2026
3339,1199,107,9/16/2025,9/30/2025
3340,1818,1126,9/19/2025,10/1/2025
3341,2248,796,8/5/2025,8/9/2025
3342,1099,1803,9/5/2025,9/10/2025
3343,2791,313,3/21/2026,4/1/2026
3344,1878,674,5/3/2026,5/6/2026
3345,2107,1877,3/29/2026,4/3/2026
3346,2590,1863,3/15/2026,3/23/2026
3347,2986,731,4/11/2026,4/18/2026
3348,1515,1195,3/5/2026,3/14/2026
3349,1258,1201,3/28/2026,3/31/2026
3350,2822,767,9/26/2025,10/12/2025
3351,2074,1031,2/26/2026,3/3/2026
3352,1414,216,1/8/2025,1/19/2025
3353,2049,1128,3/11/2026,3/30/2026
3354,2050,1297,2/20/2025,3/12/2025
3355,1897,1100,2/26/2025,3/13/2025
3356,2907,1900,2/10/2025,2/14/2025
3357,2110,770,12/5/2025,12/19/2025
3358,1555,830,2/23/2025,3/3/2025
3359,2159,806,9/21/2025,10/6/2025
3360,1588,398,10/31/2025,11/19/2025
3361,1125,140,6/4/2025,6/7/2025
3362,1586,1556,10/22/2025,11/2/2025
3363,1650,991,1/31/2026,2/9/2026
3364,2843,56,1/17/2026,1/29/2026
3365,1207,1831,1/6/2026,1/13/2026
3366,1310,414,9/30/2025,10/16/2025
3367,2541,667,4/30/2025,5/17/2025
3368,1895,902,1/18/2025,1/21/2025
3369,2284,1229,1/14/2026,1/23/2026
3370,1059,117,12/19/2025,12/24/2025
3371,2799,197,7/26/2025,8/6/2025
3372,1142,1529,12/15/2025,12/22/2025
3373,2404,1022,4/8/2026,4/28/2026
3374,2517,202,9/13/2025,10/2/2025
3375,1125,328,1/19/2025,1/29/2025
3376,1981,733,3/24/2025,3/31/2025
3377,2305,1034,1/14/2026,1/22/2026
3378,1490,1053,4/9/2025,4/15/2025
3379,2442,1936,11/23/2025,11/29/2025
3380,2891,1750,11/6/2025,11/26/2025
3381,1453,722,10/22/2025,10/25/2025
3382,1184,370,9/2/2025,9/22/2025
3383,1696,558,4/5/2026,4/25/2026
3384,2294,1694,3/27/2025,4/5/2025
3385,2036,901,4/21/2025,4/26/2025
3386,1327,1639,1/13/2026,1/23/2026
3387,1316,1415,4/5/2025,4/10/2025
3388,1535,931,6/21/2025,6/30/2025
3389,2728,1797,2/23/2026,3/11/2026
3390,2032,641,1/24/2026,1/30/2026
3391,1105,273,12/16/2025,12/20/2025
3392,2097,615,3/9/2026,3/27/2026
3393,1239,1929,1/28/2025,2/13/2025
3394,2188,797,3/12/2026,3/19/2026
3395,2901,1122,7/24/2025,8/12/2025
3396,1433,271,5/13/2025,5/16/2025
3397,2438,1465,3/4/2026,3/22/2026
3398,2049,1182,1/26/2026,2/13/2026
3399,1748,1840,5/16/2025,5/20/2025
3400,1177,537,4/28/2025,5/16/2025
3401,1278,1987,2/8/2025,2/11/2025
3402,1143,1026,7/6/2025,7/25/2025
3403,1572,1281,9/1/2025,9/19/2025
3404,1443,1144,3/2/2026,3/12/2026
3405,2648,1045,11/11/2025,11/20/2025
3406,1427,64,10/2/2025,10/15/2025
3407,1479,592,12/23/2025,12/27/2025
3408,2116,20,5/5/2025,5/23/2025
3409,1886,460,12/13/2025,12/23/2025
3410,1908,1243,12/25/2025,1/3/2026
3411,2775,148,10/18/2025,10/23/2025
3412,1591,1238,1/12/2025,1/18/2025
3413,1531,178,12/25/2025,12/30/2025
3414,2339,530,4/27/2025,5/16/2025
3415,2998,1824,4/5/2026,4/18/2026
3416,1703,183,9/27/2025,10/8/2025
3417,2258,1771,11/13/2025,11/24/2025
3418,1003,856,8/3/2025,8/19/2025
3419,1977,1578,9/7/2025,9/12/2025
3420,2319,1041,2/27/2026,3/3/2026
3421,2872,1752,3/21/2025,4/9/2025
3422,1756,1480,2/25/2026,3/6/2026
3423,2470,528,4/10/2025,4/25/2025
3424,1659,1237,3/2/2025,3/15/2025
3425,1782,1692,7/10/2025,7/18/2025
3426,1420,1380,5/14/2026,5/25/2026
3427,2069,2000,4/16/2026,4/29/2026
3428,2830,195,7/9/2025,7/18/2025
3429,1840,164,4/4/2025,4/8/2025
3430,1435,1068,5/9/2025,5/29/2025
3431,2623,1551,3/10/2026,3/28/2026
3432,1678,432,5/23/2025,5/28/2025
3433,1676,1592,11/20/2025,11/28/2025
3434,2827,1446,2/27/2026,3/9/2026
3435,1500,1343,2/28/2026,3/9/2026
3436,1742,1264,8/13/2025,8/28/2025
3437,2228,274,1/22/2025,1/26/2025
3438,1099,1706,6/10/2025,6/28/2025
3439,1864,1252,7/10/2025,7/26/2025
3440,2497,216,12/24/2025,12/27/2025
3441,2150,1786,2/11/2026,2/18/2026
3442,1298,772,1/9/2025,1/29/2025
3443,2111,1369,7/30/2025,8/11/2025
3444,1180,361,11/3/2025,11/7/2025
3445,2294,1044,2/6/2026,2/16/2026
3446,2655,857,4/3/2025,4/14/2025
3447,1192,1051,8/27/2025,9/8/2025
3448,2637,241,6/25/2025,7/7/2025
3449,2170,778,3/1/2025,3/15/2025
3450,2714,1305,8/14/2025,8/22/2025
3451,2399,137,12/8/2025,12/26/2025
3452,1064,1801,7/22/2025,8/2/2025
3453,1140,1516,2/26/2025,3/2/2025
3454,1349,775,5/3/2026,5/21/2026
3455,2442,1055,7/6/2025,7/22/2025
3456,1210,1196,9/19/2025,10/1/2025
3457,2890,1945,9/16/2025,9/27/2025
3458,1748,669,5/12/2025,5/29/2025
3459,2853,705,10/16/2025,10/31/2025
3460,1365,321,5/9/2026,5/29/2026
3461,1487,1866,1/21/2025,2/5/2025
3462,2123,1945,2/25/2026,3/7/2026
3463,2121,1422,4/22/2026,5/12/2026
3464,1152,470,4/15/2025,5/5/2025
3465,2927,775,5/18/2025,5/26/2025
3466,2553,1956,10/14/2025,10/20/2025
3467,2974,1692,1/27/2025,2/14/2025
3468,1924,781,5/1/2026,5/7/2026
3469,2201,1806,3/22/2025,4/1/2025
3470,2026,735,2/7/2025,2/15/2025
3471,2631,1267,8/8/2025,8/23/2025
3472,2489,1167,9/19/2025,10/3/2025
3473,1225,880,2/10/2026,2/21/2026
3474,1406,1157,9/18/2025,10/6/2025
3475,1558,834,5/21/2025,6/6/2025
3476,1011,427,3/28/2025,4/7/2025
3477,2205,1747,11/27/2025,12/9/2025
3478,2102,1849,1/25/2026,2/12/2026
3479,2129,229,2/27/2025,3/8/2025
3480,1585,492,5/4/2026,5/8/2026
3481,1053,659,12/7/2025,12/14/2025
3482,1638,1542,11/13/2025,12/1/2025
3483,1385,1213,1/19/2025,2/1/2025
3484,1912,6,12/26/2025,1/4/2026
3485,1565,1135,4/2/2026,4/11/2026
3486,2786,1330,7/17/2025,7/20/2025
3487,2869,991,10/27/2025,11/1/2025
3488,2472,200,3/16/2025,4/4/2025
3489,1804,202,10/6/2025,10/10/2025
3490,1187,65,1/5/2026,1/23/2026
3491,2689,561,10/24/2025,11/1/2025
3492,1865,1648,1/22/2026,2/9/2026
3493,2765,165,1/14/2026,1/18/2026
3494,2518,341,3/25/2025,4/2/2025
3495,1903,1599,2/19/2026,2/22/2026
3496,1018,677,3/7/2025,3/16/2025
3497,1631,1208,8/15/2025,8/18/2025
3498,2481,913,3/2/2025,3/5/2025
3499,2076,1344,2/21/2025,3/13/2025
3500,1950,1126,2/11/2026,3/3/2026
3501,2941,1195,2/6/2025,2/17/2025
3502,2321,1709,8/16/2025,8/30/2025
3503,1597,1823,1/10/2026,1/29/2026
3504,2059,956,6/8/2025,6/24/2025
3505,2073,771,1/5/2026,1/12/2026
3506,2351,1994,6/23/2025,6/26/2025
3507,1437,125,2/12/2025,2/23/2025
3508,1297,924,11/15/2025,11/21/2025
3509,1266,38,11/20/2025,12/8/2025
3510,2985,1433,1/11/2026,1/31/2026
3511,2415,819,12/9/2025,12/24/2025
3512,1660,1199,6/10/2025,6/13/2025
3513,1896,1276,10/19/2025,10/22/2025
3514,1833,1931,6/18/2025,6/26/2025
3515,2567,1550,2/15/2025,2/24/2025
3516,1634,1201,4/27/2026,5/12/2026
3517,1389,1942,1/6/2026,1/12/2026
3518,1381,556,2/24/2025,3/11/2025
3519,2402,194,5/22/2025,6/2/2025
3520,1403,1577,9/1/2025,9/11/2025
3521,2510,1664,2/7/2026,2/15/2026
3522,1934,453,2/8/2026,2/12/2026
3523,2670,1041,2/1/2025,2/18/2025
3524,1865,1523,3/14/2026,3/25/2026
3525,1648,88,6/16/2025,6/19/2025
3526,1085,698,3/23/2025,4/7/2025
3527,1664,149,3/25/2026,4/6/2026
3528,2856,857,5/9/2026,5/24/2026
3529,1349,1388,3/18/2026,3/24/2026
3530,1112,643,4/30/2025,5/5/2025
3531,1238,333,3/7/2025,3/19/2025
3532,2276,1716,3/20/2025,3/24/2025
3533,1590,1011,4/23/2025,5/5/2025
3534,1469,775,7/25/2025,8/4/2025
3535,1740,726,9/27/2025,10/6/2025
3536,2733,803,8/18/2025,9/6/2025
3537,1904,450,4/19/2025,4/23/2025
3538,2613,952,2/3/2026,2/7/2026
3539,2356,477,1/3/2025,1/22/2025
3540,1841,1459,6/8/2025,6/16/2025
3541,1266,1753,2/20/2026,3/5/2026
3542,1486,1246,6/25/2025,7/15/2025
3543,2291,631,8/16/2025,8/28/2025
3544,1542,1038,4/9/2026,4/21/2026
3545,2372,915,5/10/2025,5/14/2025
3546,2935,1801,9/26/2025,10/7/2025
3547,2301,954,2/28/2026,3/10/2026
3548,1948,1865,1/9/2025,1/26/2025
3549,1884,1926,2/27/2025,3/12/2025
3550,1231,1661,1/10/2026,1/19/2026
3551,2217,158,2/12/2026,2/28/2026
3552,1528,961,6/9/2025,6/16/2025
3553,2987,1946,5/4/2025,5/8/2025
3554,1126,1042,1/22/2025,2/4/2025
3555,1124,924,11/3/2025,11/16/2025
3556,1284,1948,2/6/2025,2/22/2025
3557,2379,731,10/21/2025,10/24/2025
3558,1214,1488,12/2/2025,12/15/2025
3559,2293,1185,9/8/2025,9/20/2025
3560,2567,744,4/23/2025,4/29/2025
3561,1494,1083,5/6/2026,5/21/2026
3562,2803,524,3/14/2025,3/30/2025
3563,1142,1873,3/20/2025,3/28/2025
3564,1167,131,8/4/2025,8/16/2025
3565,1199,302,2/1/2025,2/8/2025
3566,2270,1399,3/24/2025,4/4/2025
3567,1712,81,5/10/2025,5/25/2025
3568,2054,437,10/20/2025,11/8/2025
3569,1570,1011,9/23/2025,10/2/2025
3570,2597,283,3/28/2025,4/17/2025
3571,2283,969,8/9/2025,8/14/2025
3572,2993,83,11/28/2025,12/9/2025
3573,2093,720,12/13/2025,1/1/2026
3574,2270,679,4/13/2026,4/27/2026
3575,1112,860,1/20/2026,1/31/2026
3576,2579,1085,7/21/2025,7/28/2025
3577,2329,1889,7/25/2025,7/28/2025
3578,2791,584,3/17/2025,3/29/2025
3579,2021,1665,2/6/2025,2/22/2025
3580,1359,1988,6/9/2025,6/19/2025
3581,1541,480,2/24/2026,3/13/2026
3582,2147,328,4/19/2026,4/27/2026
3583,2625,1862,9/21/2025,9/29/2025
3584,2809,592,6/3/2025,6/11/2025
3585,1845,1665,10/28/2025,11/13/2025
3586,1547,518,2/15/2026,3/6/2026
3587,1346,750,1/2/2026,1/22/2026
3588,1387,1813,8/3/2025,8/17/2025
3589,2498,1710,5/12/2025,5/16/2025
3590,1298,1144,5/2/2026,5/22/2026
3591,1841,448,4/24/2025,4/29/2025
3592,1463,808,2/5/2025,2/23/2025
3593,2187,724,6/18/2025,6/30/2025
3594,2844,372,12/17/2025,12/20/2025
3595,2485,1855,10/15/2025,11/3/2025
3596,2315,15,4/22/2025,4/28/2025
3597,2721,836,5/18/2025,6/5/2025
3598,2763,634,11/25/2025,12/13/2025
3599,1375,720,9/12/2025,9/27/2025
3600,2174,522,3/8/2026,3/14/2026
3601,1455,957,1/18/2025,1/28/2025
3602,2699,772,7/31/2025,8/16/2025
3603,1994,629,11/25/2025,12/6/2025
3604,1168,1234,2/7/2026,2/18/2026
3605,1293,478,1/4/2025,1/14/2025
3606,2535,1314,4/11/2026,4/22/2026
3607,1027,185,4/30/2025,5/14/2025
3608,1436,1645,1/29/2025,2/2/2025
3609,2474,183,1/27/2026,2/6/2026
3610,1967,1054,3/24/2026,4/5/2026
3611,2210,1184,10/16/2025,10/27/2025
3612,2986,45,4/19/2026,5/5/2026
3613,1446,854,1/21/2026,2/8/2026
3614,2730,27,2/9/2026,2/24/2026
3615,1576,1275,8/13/2025,9/1/2025
3616,2128,200,6/10/2025,6/16/2025
3617,2056,1961,2/16/2026,2/23/2026
3618,1559,557,11/13/2025,11/16/2025
3619,2060,185,2/14/2026,2/19/2026
3620,2226,190,9/18/2025,10/7/2025
3621,2512,326,12/17/2025,1/6/2026
3622,2866,1236,1/28/2025,2/11/2025
3623,1783,1834,4/20/2025,4/23/2025
3624,2236,1415,2/25/2025,3/8/2025
3625,2832,1489,11/8/2025,11/21/2025
3626,1803,1044,3/29/2026,4/12/2026
3627,2585,1646,10/14/2025,11/3/2025
3628,1967,1295,1/14/2026,1/22/2026
3629,1711,310,1/4/2025,1/13/2025
3630,2317,1150,6/8/2025,6/26/2025
3631,1936,190,7/14/2025,7/30/2025
3632,1775,651,2/17/2026,3/8/2026
3633,1815,208,3/31/2026,4/12/2026
3634,2826,1839,7/31/2025,8/20/2025
3635,2098,1226,3/3/2025,3/23/2025
3636,2648,320,2/20/2025,3/4/2025
3637,2371,1570,2/20/2026,3/10/2026
3638,1524,90,11/8/2025,11/26/2025
3639,2468,220,8/18/2025,8/30/2025
3640,1085,1760,7/1/2025,7/6/2025
3641,1929,1242,8/24/2025,9/3/2025
3642,1850,216,5/18/2025,5/27/2025
3643,2909,943,8/22/2025,9/2/2025
3644,1513,620,11/17/2025,11/26/2025
3645,2499,1593,4/4/2025,4/19/2025
3646,2021,432,12/4/2025,12/11/2025
3647,2235,1252,2/16/2025,2/20/2025
3648,1835,1486,5/7/2026,5/24/2026
3649,2119,1839,11/16/2025,12/6/2025
3650,1909,387,11/30/2025,12/3/2025
3651,2753,1282,5/25/2025,6/2/2025
3652,1759,1616,4/23/2026,5/13/2026
3653,1937,999,4/20/2026,5/5/2026
3654,1114,542,4/30/2026,5/14/2026
3655,1655,1149,5/3/2025,5/7/2025
3656,1901,460,12/11/2025,12/20/2025
3657,1234,881,12/27/2025,1/12/2026
3658,2245,1601,11/25/2025,12/15/2025
3659,2511,851,4/25/2026,5/14/2026
3660,2474,1986,2/2/2025,2/7/2025
3661,2865,164,3/27/2026,4/16/2026
3662,2167,753,1/29/2025,2/16/2025
3663,1638,485,3/26/2025,4/9/2025
3664,1452,1292,4/10/2026,4/21/2026
3665,1824,588,3/4/2025,3/12/2025
3666,2883,1084,11/15/2025,12/4/2025
3667,1587,1461,2/21/2025,3/10/2025
3668,1837,1075,1/21/2026,1/26/2026
3669,2781,1138,10/13/2025,10/20/2025
3670,1462,1609,6/4/2025,6/12/2025
3671,1152,1709,7/16/2025,7/22/2025
3672,2273,650,3/8/2025,3/24/2025
3673,1048,8,9/13/2025,9/29/2025
3674,2485,1248,5/8/2025,5/17/2025
3675,1645,1438,6/11/2025,6/16/2025
3676,1227,908,9/25/2025,10/9/2025
3677,1397,1543,10/8/2025,10/19/2025
3678,2242,496,9/8/2025,9/24/2025
3679,1050,1268,4/28/2026,5/16/2026
3680,1295,760,12/13/2025,12/16/2025
3681,2312,1366,1/6/2025,1/12/2025
3682,2052,42,2/19/2025,2/27/2025
3683,2596,600,2/14/2026,3/5/2026
3684,2027,1005,9/30/2025,10/9/2025
3685,2705,1544,5/1/2025,5/12/2025
3686,1646,105,5/4/2026,5/10/2026
3687,1968,470,7/31/2025,8/6/2025
3688,1498,1114,12/25/2025,1/4/2026
3689,1249,727,2/27/2026,3/10/2026
3690,2031,1961,6/30/2025,7/17/2025
3691,1732,1163,2/28/2025,3/20/2025
3692,1556,855,6/18/2025,7/2/2025
3693,1725,1227,12/29/2025,1/18/2026
3694,2145,800,10/2/2025,10/11/2025
3695,1876,1731,2/25/2026,3/17/2026
3696,1143,1876,12/12/2025,1/1/2026
3697,1841,1144,2/5/2025,2/23/2025
3698,2164,648,4/6/2025,4/10/2025
3699,1242,501,3/8/2026,3/20/2026
3700,1657,1600,4/8/2026,4/11/2026
3701,1499,1814,3/26/2025,4/11/2025
3702,1317,173,6/19/2025,7/1/2025
3703,1849,1197,5/1/2026,5/8/2026
3704,1251,1915,2/2/2026,2/19/2026
3705,1434,339,2/17/2026,3/6/2026
3706,2800,214,10/5/2025,10/9/2025
3707,1985,1094,1/22/2025,1/26/2025
3708,2257,268,11/24/2025,12/2/2025
3709,2256,1242,4/9/2026,4/15/2026
3710,2520,831,11/1/2025,11/20/2025
3711,2780,1327,9/22/2025,10/7/2025
3712,2188,1360,3/28/2026,4/1/2026
3713,1069,622,11/5/2025,11/20/2025
3714,1774,9,12/10/2025,12/15/2025
3715,2274,102,11/3/2025,11/16/2025
3716,2532,1505,11/30/2025,12/7/2025
3717,1951,1519,11/14/2025,11/19/2025
3718,1646,707,1/9/2026,1/19/2026
3719,2088,118,3/8/2025,3/11/2025
3720,1643,1798,11/26/2025,12/4/2025
3721,2754,580,11/23/2025,12/12/2025
3722,1366,52,11/29/2025,12/3/2025
3723,2015,876,10/27/2025,11/14/2025
3724,1193,1204,1/16/2025,2/1/2025
3725,2510,416,2/14/2026,2/23/2026
3726,1409,1396,6/17/2025,7/3/2025
3727,1312,1888,3/22/2025,3/27/2025
3728,2622,826,3/7/2025,3/11/2025
3729,2848,1629,2/6/2026,2/11/2026
3730,2863,1145,5/15/2026,6/2/2026
3731,2645,53,4/9/2025,4/29/2025
3732,2553,1694,3/31/2026,4/17/2026
3733,2947,1889,1/9/2025,1/20/2025
3734,2734,47,6/13/2025,6/26/2025
3735,2960,931,11/1/2025,11/11/2025
3736,1152,1717,4/23/2025,5/10/2025
3737,1297,1861,1/20/2026,1/29/2026
3738,2494,1774,12/1/2025,12/13/2025
3739,2933,1659,1/28/2025,2/11/2025
3740,2933,1060,12/23/2025,1/11/2026
3741,1849,372,3/8/2026,3/17/2026
3742,1072,1538,2/21/2025,3/6/2025
3743,1714,617,11/30/2025,12/5/2025
3744,2636,1831,3/21/2026,4/10/2026
3745,2193,1192,2/5/2026,2/9/2026
3746,2501,901,3/12/2025,3/23/2025
3747,1124,547,5/16/2026,5/27/2026
3748,1655,1487,7/26/2025,8/11/2025
3749,2587,1004,1/3/2025,1/13/2025
3750,1607,1989,3/31/2025,4/4/2025
3751,1398,223,5/11/2025,5/21/2025
3752,2559,903,1/22/2025,2/7/2025
3753,2016,1879,3/25/2025,4/8/2025
3754,2211,678,4/2/2026,4/16/2026
3755,1362,842,2/13/2025,2/21/2025
3756,2966,1519,5/17/2025,6/4/2025
3757,2695,885,3/18/2026,3/26/2026
3758,1784,1968,5/28/2025,6/7/2025
3759,1405,784,11/9/2025,11/20/2025
3760,1606,163,7/7/2025,7/15/2025
3761,2683,695,8/29/2025,9/13/2025
3762,1444,54,11/26/2025,12/5/2025
3763,1567,587,2/15/2025,2/22/2025
3764,1520,1713,3/27/2025,4/2/2025
3765,1024,780,1/25/2026,2/3/2026
3766,1006,80,10/19/2025,11/6/2025
3767,1294,1414,6/27/2025,7/1/2025
3768,2991,1132,7/30/2025,8/17/2025
3769,1995,471,3/6/2026,3/15/2026
3770,2919,1436,1/9/2026,1/20/2026
3771,1625,335,11/6/2025,11/26/2025
3772,1822,399,1/13/2025,1/18/2025
3773,2596,1970,4/11/2026,4/19/2026
3774,1793,1263,2/3/2025,2/21/2025
3775,2047,1262,5/16/2025,6/1/2025
3776,2267,318,1/27/2026,2/10/2026
3777,1490,1182,3/3/2025,3/14/2025
3778,1745,1024,3/29/2025,4/18/2025
3779,2018,515,2/23/2025,3/5/2025
3780,2710,302,1/19/2026,2/8/2026
3781,1846,1746,2/28/2026,3/18/2026
3782,2602,147,4/3/2025,4/21/2025
3783,2173,760,3/24/2026,4/3/2026
3784,1753,378,3/17/2026,3/21/2026
3785,1176,482,4/7/2025,4/12/2025
3786,1084,1015,7/14/2025,8/3/2025
3787,1419,1666,1/16/2025,1/24/2025
3788,1048,1839,2/12/2025,2/19/2025
3789,2036,1794,8/26/2025,8/29/2025
3790,1192,1219,3/4/2025,3/9/2025
3791,1265,1644,11/7/2025,11/18/2025
3792,2931,987,8/28/2025,9/4/2025
3793,1716,1099,5/20/2025,6/2/2025
3794,2615,1268,1/8/2026,1/14/2026
3795,1320,1099,11/9/2025,11/28/2025
3796,1903,1299,3/4/2026,3/8/2026
3797,2044,1494,4/5/2026,4/18/2026
3798,2601,880,2/11/2025,2/15/2025
3799,2228,827,5/8/2026,5/25/2026
3800,1680,873,2/16/2026,3/8/2026
3801,1224,471,1/2/2025,1/13/2025
3802,1923,1200,1/24/2025,2/5/2025
3803,2920,1570,4/4/2026,4/9/2026
3804,2961,936,12/8/2025,12/25/2025
3805,1591,1270,9/18/2025,9/27/2025
3806,2770,122,6/13/2025,7/1/2025
3807,2853,1093,4/28/2026,5/11/2026
3808,2733,873,3/20/2026,4/6/2026
3809,1418,975,10/24/2025,10/28/2025
3810,1257,10,12/22/2025,1/9/2026
3811,1543,1648,2/18/2025,2/21/2025
3812,2835,1779,3/25/2025,4/7/2025
3813,2947,167,11/27/2025,12/3/2025
3814,2302,217,11/19/2025,11/24/2025
3815,1106,1327,12/1/2025,12/4/2025
3816,1328,1306,1/22/2025,2/3/2025
3817,1242,376,8/10/2025,8/20/2025
3818,2826,1144,11/29/2025,12/18/2025
3819,2793,1631,3/21/2026,4/6/2026
3820,1894,779,2/10/2026,2/13/2026
3821,2333,1093,5/9/2025,5/14/2025
3822,2406,761,1/2/2025,1/9/2025
3823,2233,1201,8/28/2025,9/15/2025
3824,1606,475,10/23/2025,11/11/2025
3825,1167,1357,10/14/2025,10/29/2025
3826,1236,842,7/13/2025,7/16/2025
3827,1102,252,7/7/2025,7/13/2025
3828,2339,1513,3/15/2025,3/19/2025
3829,2137,1152,6/1/2025,6/20/2025
3830,1010,1054,6/5/2025,6/11/2025
3831,2642,808,3/31/2026,4/6/2026
3832,1750,563,6/3/2025,6/19/2025
3833,1093,167,5/19/2025,5/22/2025
3834,2982,1703,8/20/2025,9/7/2025
3835,2082,894,3/10/2025,3/30/2025
3836,2354,597,2/25/2026,3/12/2026
3837,2024,257,1/29/2026,2/18/2026
3838,2548,756,11/22/2025,11/28/2025
3839,1346,1327,3/3/2026,3/9/2026
3840,1356,1462,5/19/2025,5/26/2025
3841,1145,1235,5/18/2025,6/6/2025
3842,2991,136,11/19/2025,12/5/2025
3843,2300,50,9/17/2025,10/7/2025
3844,1443,126,5/12/2025,5/20/2025
3845,1443,455,7/11/2025,7/16/2025
3846,1047,1356,5/18/2025,5/31/2025
3847,1081,131,4/12/2025,5/2/2025
3848,2623,585,10/20/2025,10/24/2025
3849,1764,1427,4/21/2025,4/29/2025
3850,2867,1785,4/13/2026,5/3/2026
3851,1406,1857,5/5/2025,5/20/2025
3852,1031,101,12/12/2025,12/29/2025
3853,2734,1827,1/26/2025,2/11/2025
3854,2002,1435,4/16/2026,4/22/2026
3855,1942,1011,3/29/2025,4/17/2025
3856,1946,459,2/18/2026,3/3/2026
3857,1893,187,9/23/2025,9/29/2025
3858,1820,811,4/23/2025,5/6/2025
3859,1156,1413,4/11/2025,5/1/2025
3860,2088,1031,3/3/2025,3/15/2025
3861,1524,1591,1/12/2026,1/29/2026
3862,2293,161,4/29/2026,5/14/2026
3863,1146,727,12/29/2025,1/7/2026
3864,2295,771,5/8/2026,5/12/2026
3865,2064,1941,7/2/2025,7/5/2025
3866,2767,1894,4/30/2026,5/14/2026
3867,1858,495,9/8/2025,9/13/2025
3868,2852,1453,3/5/2026,3/8/2026
3869,2546,848,3/7/2026,3/27/2026
3870,2670,497,11/19/2025,11/30/2025
3871,2371,476,5/12/2026,5/26/2026
3872,1903,143,3/10/2026,3/29/2026
3873,1658,1884,4/21/2026,4/24/2026
3874,1989,499,7/19/2025,8/6/2025
3875,1410,434,8/3/2025,8/23/2025
3876,2649,1147,10/11/2025,10/25/2025
3877,1641,356,8/18/2025,8/26/2025
3878,1597,707,6/12/2025,6/27/2025
3879,1170,88,3/10/2025,3/16/2025
3880,1930,803,2/6/2025,2/12/2025
3881,2239,1727,6/28/2025,7/13/2025
3882,2642,224,4/8/2025,4/13/2025
3883,2803,53,8/15/2025,9/1/2025
3884,2040,1315,3/31/2026,4/5/2026
3885,2172,433,1/19/2025,1/31/2025
3886,1748,996,4/5/2026,4/20/2026
3887,2437,1533,10/25/2025,11/7/2025
3888,1091,697,8/5/2025,8/20/2025
3889,1594,1049,5/17/2025,5/24/2025
3890,2493,596,4/24/2026,5/12/2026
3891,1194,1555,1/27/2025,2/1/2025
3892,1715,651,11/17/2025,12/2/2025
3893,2579,366,4/13/2025,4/22/2025
3894,1351,1463,11/29/2025,12/3/2025
3895,1246,9,12/3/2025,12/8/2025
3896,1470,846,1/6/2026,1/18/2026
3897,2729,288,10/3/2025,10/22/2025
3898,2219,234,8/10/2025,8/28/2025
3899,2060,929,7/4/2025,7/17/2025
3900,2261,1230,6/3/2025,6/23/2025
3901,1787,326,5/11/2026,5/20/2026
3902,1552,1963,2/4/2025,2/11/2025
3903,1774,706,1/2/2025,1/15/2025
3904,2262,518,8/15/2025,8/28/2025
3905,2826,1215,12/20/2025,1/4/2026
3906,1667,1249,1/6/2026,1/16/2026
3907,2371,943,2/17/2025,3/6/2025
3908,2796,1589,4/24/2025,5/13/2025
3909,2470,151,5/5/2025,5/17/2025
3910,2976,1367,10/24/2025,11/7/2025
3911,1682,1665,9/2/2025,9/10/2025
3912,1876,1788,10/28/2025,11/6/2025
3913,2925,1046,8/7/2025,8/10/2025
3914,1419,928,11/20/2025,12/5/2025
3915,2138,1734,2/9/2026,2/24/2026
3916,2637,85,11/12/2025,11/20/2025
3917,1661,1193,1/29/2025,2/1/2025
3918,2275,1920,2/17/2025,3/3/2025
3919,1401,1269,4/22/2026,5/7/2026
3920,2758,957,12/24/2025,1/7/2026
3921,1559,161,6/4/2025,6/9/2025
3922,1364,1459,8/22/2025,9/11/2025
3923,1058,921,8/7/2025,8/12/2025
3924,2714,1724,2/15/2026,2/21/2026
3925,1962,1108,7/9/2025,7/27/2025
3926,1150,1620,1/17/2025,1/26/2025
3927,2899,1461,4/18/2025,4/28/2025
3928,2079,185,2/7/2026,2/18/2026
3929,2140,668,2/3/2026,2/11/2026
3930,1078,1112,9/20/2025,9/28/2025
3931,1780,1876,5/12/2026,5/15/2026
3932,1728,1271,1/22/2026,1/28/2026
3933,1203,424,1/16/2026,2/1/2026
3934,2274,423,10/18/2025,11/4/2025
3935,2754,1135,3/28/2026,4/15/2026
3936,2616,743,6/6/2025,6/19/2025
3937,2873,11,6/27/2025,7/8/2025
3938,2295,1221,12/26/2025,1/8/2026
3939,2003,1568,5/24/2025,5/31/2025
3940,2586,1370,4/2/2026,4/14/2026
3941,2968,1710,3/19/2026,3/29/2026
3942,1640,760,3/26/2026,3/31/2026
3943,1410,1354,9/28/2025,10/11/2025
3944,2722,1693,7/24/2025,8/8/2025
3945,1368,1210,4/14/2026,4/24/2026
3946,1520,927,2/1/2025,2/16/2025
3947,1817,1866,1/20/2026,1/24/2026
3948,1394,1749,7/19/2025,7/22/2025
3949,2369,1774,11/21/2025,12/9/2025
3950,2135,1424,7/9/2025,7/28/2025
3951,2391,1344,9/13/2025,9/23/2025
3952,1983,1386,12/5/2025,12/10/2025
3953,2049,1461,3/17/2025,4/1/2025
3954,1014,1101,5/17/2025,5/25/2025
3955,2606,1307,1/16/2025,1/20/2025
3956,1584,1444,5/27/2025,6/11/2025
3957,1869,1321,10/19/2025,10/26/2025
3958,2503,870,5/22/2025,6/6/2025
3959,2898,628,11/16/2025,11/30/2025
3960,1636,1629,11/8/2025,11/26/2025
3961,1862,1669,3/24/2026,4/3/2026
3962,2037,1480,11/18/2025,11/30/2025
3963,2643,821,10/16/2025,10/28/2025
3964,1754,1883,2/19/2026,2/22/2026
3965,1440,645,4/29/2026,5/18/2026
3966,2537,1271,10/16/2025,10/29/2025
3967,1111,1843,8/6/2025,8/21/2025
3968,1584,1395,4/5/2026,4/25/2026
3969,1104,1817,3/31/2025,4/15/2025
3970,2838,81,1/11/2025,1/27/2025
3971,1839,1606,6/8/2025,6/20/2025
3972,1715,281,8/16/2025,8/20/2025
3973,1050,1834,1/11/2026,1/21/2026
3974,1040,403,12/21/2025,12/25/2025
3975,1239,1842,1/13/2025,1/24/2025
3976,2587,1355,3/18/2026,3/30/2026
3977,2701,5,4/30/2026,5/18/2026
3978,2236,893,11/3/2025,11/12/2025
3979,1443,1535,12/1/2025,12/18/2025
3980,2684,1347,2/24/2025,3/12/2025
3981,1492,957,2/21/2026,3/10/2026
3982,2733,1740,5/13/2025,5/25/2025
3983,2205,1136,10/20/2025,10/31/2025
3984,1376,1598,5/30/2025,6/2/2025
3985,2166,1053,5/13/2025,6/2/2025
3986,1646,1830,2/3/2026,2/7/2026
3987,2722,389,5/28/2025,6/5/2025
3988,1295,1342,9/24/2025,9/30/2025
3989,1923,988,11/16/2025,12/3/2025
3990,2419,1619,10/6/2025,10/26/2025
3991,1523,1730,3/30/2026,4/12/2026
3992,1639,618,2/15/2025,3/3/2025
3993,1472,1943,2/4/2025,2/19/2025
3994,1677,1567,8/31/2025,9/10/2025
3995,2664,1265,4/16/2025,5/3/2025
3996,2968,1822,11/22/2025,12/4/2025
3997,1191,959,9/14/2025,9/23/2025
3998,1722,545,5/8/2026,5/21/2026
3999,1042,1797,8/23/2025,8/31/2025
4000,1851,1826,3/8/2025,3/24/2025
4001,1815,321,7/28/2025,8/2/2025
4002,2901,405,3/13/2025,3/26/2025
4003,2864,639,9/5/2025,9/10/2025
4004,1763,1457,5/29/2025,6/8/2025
4005,2866,333,4/25/2025,5/2/2025
4006,1992,1087,2/19/2026,3/4/2026
4007,1662,1909,11/30/2025,12/5/2025
4008,2071,1875,5/31/2025,6/13/2025
4009,1112,797,6/15/2025,6/24/2025
4010,2859,1389,4/22/2026,4/28/2026
4011,2975,1675,2/26/2025,3/12/2025
4012,1677,1684,2/17/2026,2/26/2026
4013,2847,1737,2/13/2025,3/4/2025
4014,1216,1692,2/12/2026,2/23/2026
4015,1446,1723,10/11/2025,10/22/2025
4016,2430,917,2/26/2026,3/13/2026
4017,1802,1384,8/26/2025,9/15/2025
4018,1333,562,10/4/2025,10/23/2025
4019,2070,1882,3/29/2026,4/18/2026
4020,1804,1807,8/7/2025,8/25/2025
4021,1203,972,1/4/2026,1/17/2026
4022,1307,1995,3/7/2026,3/24/2026
4023,1538,1536,5/14/2026,5/18/2026
4024,1628,111,4/4/2025,4/24/2025
4025,2769,1562,7/15/2025,7/27/2025
4026,1435,49,4/6/2026,4/12/2026
4027,1882,1627,4/2/2025,4/7/2025
4028,2035,1977,5/2/2025,5/11/2025
4029,2279,1847,4/29/2025,5/8/2025
4030,1348,1960,7/12/2025,7/20/2025
4031,1810,1828,5/31/2025,6/12/2025
4032,2746,1258,1/8/2025,1/28/2025
4033,2147,1401,12/3/2025,12/10/2025
4034,1617,1131,4/28/2026,5/5/2026
4035,1852,1389,7/28/2025,8/3/2025
4036,2459,1347,2/3/2026,2/22/2026
4037,2759,1215,10/8/2025,10/25/2025
4038,2480,1563,10/29/2025,11/4/2025
4039,1946,462,3/8/2025,3/14/2025
4040,1970,157,8/22/2025,9/3/2025
4041,2261,1162,11/27/2025,12/5/2025
4042,2735,1523,7/7/2025,7/18/2025
4043,2652,1033,1/7/2026,1/13/2026
4044,1310,848,9/26/2025,10/11/2025
4045,2410,575,5/11/2026,5/14/2026
4046,1827,276,3/4/2026,3/14/2026
4047,1892,333,8/12/2025,8/17/2025
4048,2519,1079,5/31/2025,6/16/2025
4049,1226,709,7/14/2025,7/18/2025
4050,1663,169,2/19/2026,3/3/2026
4051,2144,326,4/29/2025,5/3/2025
4052,1400,517,5/6/2026,5/24/2026
4053,1937,1094,4/17/2026,5/2/2026
4054,2462,1238,5/28/2025,6/2/2025
4055,1732,532,3/20/2026,4/6/2026
4056,1493,1364,10/6/2025,10/17/2025
4057,2410,227,10/21/2025,10/27/2025
4058,1554,378,10/21/2025,10/31/2025
4059,1104,1990,3/24/2026,4/11/2026
4060,1112,1122,2/15/2025,2/19/2025
4061,2562,278,9/14/2025,9/25/2025
4062,2273,1319,5/5/2026,5/20/2026
4063,1633,1560,9/24/2025,10/1/2025
4064,1696,302,2/9/2026,2/22/2026
4065,1681,853,2/17/2025,3/7/2025
4066,2697,663,5/14/2025,6/1/2025
4067,2393,712,5/4/2026,5/21/2026
4068,2500,1093,11/25/2025,12/9/2025
4069,2820,1302,12/1/2025,12/9/2025
4070,2585,1638,4/15/2025,4/27/2025
4071,1748,1313,2/6/2026,2/13/2026
4072,1836,800,2/4/2025,2/8/2025
4073,1758,1435,8/6/2025,8/24/2025
4074,2831,493,2/24/2026,3/8/2026
4075,1239,1813,12/21/2025,12/26/2025
4076,1086,163,3/24/2025,4/13/2025
4077,1923,912,6/2/2025,6/8/2025
4078,2071,1861,5/6/2026,5/20/2026
4079,1718,1869,3/20/2026,4/5/2026
4080,1667,1607,8/6/2025,8/14/2025
4081,2122,358,1/27/2026,2/12/2026
4082,1477,1639,1/7/2025,1/27/2025
4083,2344,28,2/13/2025,2/25/2025
4084,2286,317,4/20/2026,5/4/2026
4085,1907,1210,5/5/2025,5/21/2025
4086,1316,1184,2/3/2026,2/19/2026
4087,1859,1379,2/11/2026,2/27/2026
4088,1592,1934,7/24/2025,8/11/2025
4089,1450,175,2/20/2025,3/6/2025
4090,1484,1637,11/27/2025,12/7/2025
4091,1508,1870,10/6/2025,10/26/2025
4092,1977,1301,11/21/2025,12/1/2025
4093,2051,836,1/5/2025,1/10/2025
4094,1141,793,7/27/2025,8/2/2025
4095,2218,702,6/1/2025,6/5/2025
4096,1238,1098,10/23/2025,11/4/2025
4097,2035,877,4/14/2025,5/4/2025
4098,2349,1309,5/2/2026,5/18/2026
4099,1470,1821,6/21/2025,6/27/2025
4100,2875,132,1/18/2025,2/2/2025
4101,1823,566,11/18/2025,11/28/2025
4102,1036,893,3/24/2026,4/4/2026
4103,2393,597,11/30/2025,12/15/2025
4104,2802,743,4/24/2026,5/2/2026
4105,1773,391,1/11/2026,1/29/2026
4106,1373,861,2/18/2026,2/21/2026
4107,1285,1091,4/26/2026,5/15/2026
4108,2596,1038,6/16/2025,6/27/2025
4109,2069,645,10/19/2025,11/4/2025
4110,1462,1561,5/8/2026,5/18/2026
4111,2101,929,2/12/2026,2/25/2026
4112,1467,1230,1/27/2026,2/13/2026
4113,2991,921,12/1/2025,12/20/2025
4114,1461,1178,8/5/2025,8/25/2025
4115,1191,1254,8/14/2025,8/22/2025
4116,2892,562,1/12/2025,1/24/2025
4117,2939,574,12/23/2025,1/9/2026
4118,2076,973,4/2/2026,4/13/2026
4119,1777,1109,11/4/2025,11/11/2025
4120,2558,870,1/1/2025,1/14/2025
4121,1319,526,4/28/2025,5/3/2025
4122,2972,1453,10/31/2025,11/12/2025
4123,2126,1113,2/18/2026,2/23/2026
4124,2524,1192,1/22/2026,2/1/2026
4125,1316,968,3/28/2025,4/13/2025
4126,1825,342,4/27/2026,5/8/2026
4127,2117,181,11/12/2025,11/27/2025
4128,2680,1346,1/22/2025,2/4/2025
4129,1069,324,3/20/2025,3/30/2025
4130,1677,1427,1/18/2025,1/23/2025
4131,2879,965,5/1/2025,5/6/2025
4132,1262,72,3/6/2026,3/21/2026
4133,2317,1233,9/7/2025,9/17/2025
4134,1821,1394,5/16/2026,5/20/2026
4135,1227,1820,9/10/2025,9/21/2025
4136,1786,1960,5/9/2025,5/23/2025
4137,2336,199,6/24/2025,6/28/2025
4138,1575,1532,3/21/2025,3/29/2025
4139,1184,1077,8/27/2025,9/1/2025
4140,1942,402,10/29/2025,11/2/2025
4141,1158,1849,4/3/2026,4/23/2026
4142,2985,1280,3/17/2026,4/4/2026
4143,2648,831,5/16/2025,5/28/2025
4144,2750,1205,3/4/2026,3/12/2026
4145,1281,1592,5/16/2025,5/24/2025
4146,2294,1377,1/18/2026,1/29/2026
4147,1860,258,1/18/2025,1/29/2025
4148,1706,542,11/19/2025,12/9/2025
4149,2954,31,1/26/2025,2/7/2025
4150,2775,1892,4/6/2026,4/23/2026
4151,1669,1245,8/19/2025,8/30/2025
4152,2177,867,3/8/2026,3/13/2026
4153,2691,1425,10/18/2025,10/23/2025
4154,2217,341,4/23/2026,5/9/2026
4155,2092,274,4/18/2025,5/1/2025
4156,2003,143,4/17/2025,5/4/2025
4157,1478,303,8/26/2025,8/29/2025
4158,1259,639,6/16/2025,7/6/2025
4159,1785,1899,7/8/2025,7/17/2025
4160,2484,546,7/5/2025,7/17/2025
4161,1027,1565,8/17/2025,8/25/2025
4162,2066,1642,11/27/2025,12/15/2025
4163,2901,856,7/28/2025,8/5/2025
4164,1934,1626,10/15/2025,10/28/2025
4165,2391,1880,11/7/2025,11/12/2025
4166,2528,967,6/24/2025,7/7/2025
4167,2755,1620,8/5/2025,8/22/2025
4168,1409,559,5/16/2026,6/4/2026
4169,1550,293,7/11/2025,7/22/2025
4170,1578,1155,12/31/2025,1/10/2026
4171,1173,1840,9/25/2025,10/7/2025
4172,2206,183,1/27/2025,2/7/2025
4173,2169,586,10/5/2025,10/16/2025
4174,2388,1467,9/4/2025,9/18/2025
4175,2028,1020,12/14/2025,12/25/2025
4176,2056,143,1/7/2026,1/20/2026
4177,2824,1764,3/9/2025,3/20/2025
4178,1766,510,2/18/2025,3/9/2025
4179,1806,216,5/1/2026,5/14/2026
4180,2616,954,2/19/2025,3/9/2025
4181,2458,1168,12/15/2025,1/2/2026
4182,1185,1713,12/24/2025,1/4/2026
4183,2948,860,5/10/2026,5/17/2026
4184,2892,853,11/23/2025,12/2/2025
4185,1931,1794,3/7/2025,3/26/2025
4186,1218,596,8/6/2025,8/16/2025
4187,2546,1785,8/11/2025,8/27/2025
4188,1112,1141,1/28/2025,2/17/2025
4189,2193,1261,8/21/2025,8/25/2025
4190,2385,1659,12/16/2025,12/30/2025
4191,2455,1849,9/13/2025,10/1/2025
4192,1602,199,2/7/2026,2/22/2026
4193,2612,1235,5/10/2025,5/23/2025
4194,2368,22,6/12/2025,6/25/2025
4195,1921,1183,10/14/2025,11/1/2025
4196,2604,1253,4/12/2026,4/19/2026
4197,2523,331,7/6/2025,7/25/2025
4198,2212,275,4/13/2026,4/17/2026
4199,1925,814,1/22/2026,1/30/2026
4200,2208,1406,2/3/2026,2/22/2026
4201,2288,1531,6/17/2025,6/25/2025
4202,1025,1257,3/3/2026,3/14/2026
4203,1399,1406,5/29/2025,6/12/2025
4204,1724,447,4/3/2026,4/16/2026
4205,2042,1235,1/26/2026,2/5/2026
4206,2155,1149,3/25/2026,4/6/2026
4207,1356,544,5/14/2026,5/20/2026
4208,2954,356,3/31/2026,4/16/2026
4209,2226,1611,1/13/2026,1/27/2026
4210,1439,201,6/15/2025,6/24/2025
4211,2149,1941,9/13/2025,9/23/2025
4212,1629,576,9/24/2025,10/13/2025
4213,2620,1392,4/9/2025,4/12/2025
4214,1842,1997,1/28/2026,2/16/2026
4215,1867,1116,12/14/2025,12/25/2025
4216,1432,148,6/5/2025,6/15/2025
4217,1647,1780,8/23/2025,9/6/2025
4218,2938,313,4/13/2026,4/27/2026
4219,2857,1712,6/3/2025,6/6/2025
4220,2729,282,7/4/2025,7/12/2025
4221,2553,113,2/16/2026,2/26/2026
4222,2546,242,12/10/2025,12/19/2025
4223,1191,1699,3/8/2026,3/22/2026
4224,2145,1926,1/19/2026,1/26/2026
4225,2846,1139,9/18/2025,9/21/2025
4226,1046,1797,3/1/2025,3/21/2025
4227,1859,1567,4/19/2026,5/8/2026
4228,2798,1119,1/12/2025,1/25/2025
4229,1511,600,3/15/2025,4/1/2025
4230,1554,732,1/11/2025,1/31/2025
4231,1738,1120,3/31/2025,4/9/2025
4232,2848,612,7/10/2025,7/26/2025
4233,1857,476,12/14/2025,12/19/2025
4234,1694,477,8/5/2025,8/10/2025
4235,2386,1325,1/26/2025,2/2/2025
4236,2700,150,5/13/2026,5/23/2026
4237,2629,1547,8/27/2025,9/14/2025
4238,2856,462,1/6/2026,1/22/2026
4239,2587,1324,5/25/2025,6/2/2025
4240,2293,133,5/8/2025,5/23/2025
4241,2712,437,2/12/2026,2/17/2026
4242,2419,214,7/22/2025,8/2/2025
4243,1919,220,12/18/2025,12/31/2025
4244,1136,447,4/1/2025,4/4/2025
4245,2439,1201,5/20/2025,6/2/2025
4246,1102,52,7/9/2025,7/24/2025
4247,2400,98,6/17/2025,6/23/2025
4248,1766,521,11/28/2025,12/6/2025
4249,2044,1761,5/16/2025,6/3/2025
4250,2226,381,2/27/2026,3/11/2026
4251,2309,105,12/18/2025,1/7/2026
4252,2193,974,8/21/2025,8/27/2025
4253,1439,1807,9/30/2025,10/12/2025
4254,1195,1807,10/4/2025,10/11/2025
4255,1692,275,12/9/2025,12/22/2025
4256,2109,498,8/29/2025,9/11/2025
4257,2441,1664,10/22/2025,11/1/2025
4258,2638,1747,7/23/2025,7/31/2025
4259,1972,515,12/22/2025,1/10/2026
4260,1362,1214,1/12/2026,1/27/2026
4261,1783,63,4/8/2026,4/17/2026
4262,2741,651,9/15/2025,9/24/2025
4263,1686,806,6/20/2025,6/25/2025
4264,1684,1242,2/9/2025,2/18/2025
4265,1439,1497,2/11/2026,2/22/2026
4266,2447,1875,6/3/2025,6/12/2025
4267,2022,616,4/24/2026,4/27/2026
4268,1453,1967,8/7/2025,8/15/2025
4269,1207,974,3/28/2026,4/1/2026
4270,1628,304,4/10/2026,4/20/2026
4271,2035,1557,1/25/2026,2/1/2026
4272,2113,1624,9/17/2025,9/22/2025
4273,2942,248,2/3/2026,2/21/2026
4274,2363,92,2/26/2026,3/11/2026
4275,2896,1562,4/29/2026,5/14/2026
4276,2601,1599,4/22/2026,4/30/2026
4277,1585,190,10/14/2025,10/27/2025
4278,1400,1049,2/21/2026,3/12/2026
4279,1970,412,4/15/2025,4/24/2025
4280,2966,124,1/11/2026,1/30/2026
4281,1250,1646,4/5/2025,4/22/2025
4282,1700,1503,12/14/2025,12/20/2025
4283,1409,1796,6/18/2025,6/29/2025
4284,1203,77,7/26/2025,7/30/2025
4285,1434,1718,2/18/2026,2/21/2026
4286,1112,1524,2/2/2025,2/8/2025
4287,1405,1889,7/7/2025,7/12/2025
4288,1026,456,1/6/2025,1/23/2025
4289,2978,202,2/4/2025,2/13/2025
4290,2973,123,7/3/2025,7/9/2025
4291,1598,76,3/10/2025,3/29/2025
4292,2053,414,3/3/2026,3/19/2026
4293,1326,1649,9/21/2025,9/29/2025
4294,1648,1299,2/8/2025,2/14/2025
4295,2345,1683,2/11/2026,2/21/2026
4296,2845,488,12/2/2025,12/18/2025
4297,1408,9,8/25/2025,8/28/2025
4298,2442,879,6/9/2025,6/17/2025
4299,2159,551,3/11/2026,3/21/2026
4300,1913,27,4/3/2026,4/11/2026
4301,1620,405,4/9/2025,4/24/2025
4302,1579,1228,12/6/2025,12/11/2025
4303,1465,681,4/14/2026,4/18/2026
4304,1662,144,3/4/2025,3/22/2025
4305,2169,674,9/1/2025,9/15/2025
4306,1773,543,1/19/2025,1/22/2025
4307,1201,1879,8/24/2025,9/4/2025
4308,2235,1481,12/19/2025,12/29/2025
4309,1809,797,4/11/2026,4/22/2026
4310,2546,1937,11/15/2025,12/4/2025
4311,1310,1957,4/5/2025,4/21/2025
4312,1492,1925,3/17/2025,3/20/2025
4313,2202,426,1/17/2025,1/28/2025
4314,2162,1022,9/9/2025,9/15/2025
4315,1415,219,9/12/2025,9/28/2025
4316,1537,58,9/30/2025,10/8/2025
4317,2761,130,1/23/2025,1/30/2025
4318,2256,686,1/8/2025,1/24/2025
4319,2941,1755,4/21/2025,4/25/2025
4320,1108,504,5/12/2025,5/16/2025
4321,2721,744,12/6/2025,12/15/2025
4322,2697,102,6/20/2025,6/26/2025
4323,1297,1560,1/31/2026,2/19/2026
4324,2703,625,10/6/2025,10/26/2025
4325,2828,1427,3/25/2025,4/11/2025
4326,2063,1571,1/4/2025,1/9/2025
4327,2511,20,3/22/2025,4/11/2025
4328,1877,1713,1/1/2025,1/5/2025
4329,1626,992,8/25/2025,9/7/2025
4330,1003,1787,2/5/2026,2/18/2026
4331,2820,641,6/20/2025,7/10/2025
4332,2148,586,7/2/2025,7/13/2025
4333,1500,1891,12/8/2025,12/23/2025
4334,1709,1753,6/22/2025,6/28/2025
4335,2001,1271,6/4/2025,6/24/2025
4336,2007,1723,12/29/2025,1/18/2026
4337,2140,347,11/30/2025,12/14/2025
4338,1891,1162,7/2/2025,7/15/2025
4339,2775,203,5/10/2025,5/25/2025
4340,1432,620,6/15/2025,6/18/2025
4341,1885,1942,12/20/2025,12/25/2025
4342,2565,1445,3/16/2026,3/23/2026
4343,1464,248,11/8/2025,11/13/2025
4344,1504,1248,12/26/2025,1/13/2026
4345,2635,1823,2/21/2026,2/25/2026
4346,1974,1097,2/11/2026,2/22/2026
4347,1095,1149,12/22/2025,12/26/2025
4348,1897,1695,8/8/2025,8/27/2025
4349,2921,991,11/27/2025,12/12/2025
4350,1218,878,2/5/2026,2/20/2026
4351,1452,1751,9/6/2025,9/18/2025
4352,1392,1950,5/13/2026,5/28/2026
4353,1690,78,5/14/2025,6/1/2025
4354,1493,1220,3/3/2025,3/9/2025
4355,1560,1410,9/15/2025,9/24/2025
4356,1977,671,4/3/2026,4/14/2026
4357,1189,906,6/27/2025,7/17/2025
4358,2359,524,2/23/2026,3/10/2026
4359,1627,1602,6/20/2025,7/8/2025
4360,1932,1128,9/2/2025,9/14/2025
4361,2147,669,5/2/2025,5/15/2025
4362,1977,1568,4/21/2025,5/5/2025
4363,1385,1094,10/7/2025,10/26/2025
4364,1111,718,1/14/2026,1/22/2026
4365,1477,1174,12/24/2025,1/5/2026
4366,2626,603,5/18/2025,5/27/2025
4367,2380,1903,8/19/2025,8/30/2025
4368,1883,196,1/29/2025,2/5/2025
4369,2940,1010,1/26/2026,2/6/2026
4370,2977,1128,5/1/2025,5/13/2025
4371,1562,528,4/17/2025,5/1/2025
4372,1103,1307,12/26/2025,12/31/2025
4373,1242,1385,4/14/2026,5/3/2026
4374,1853,666,3/3/2026,3/23/2026
4375,2612,1069,3/12/2025,3/15/2025
4376,2674,1879,10/23/2025,10/29/2025
4377,1687,1695,4/2/2026,4/7/2026
4378,1622,933,9/3/2025,9/13/2025
4379,2008,9,11/9/2025,11/18/2025
4380,1732,1626,3/7/2025,3/11/2025
4381,2528,142,4/8/2025,4/28/2025
4382,1946,1529,4/25/2025,5/5/2025
4383,2882,152,1/31/2026,2/20/2026
4384,1093,1631,2/4/2025,2/7/2025
4385,1259,1821,3/2/2026,3/20/2026
4386,1917,1597,2/13/2025,2/25/2025
4387,2413,1198,2/3/2026,2/6/2026
4388,2604,633,11/20/2025,11/30/2025
4389,1960,975,1/3/2025,1/20/2025
4390,2388,1554,2/4/2026,2/24/2026
4391,1425,436,1/1/2025,1/4/2025
4392,2590,1721,4/27/2026,5/9/2026
4393,2915,1123,8/3/2025,8/7/2025
4394,2688,691,4/21/2026,5/4/2026
4395,1009,1505,4/7/2025,4/20/2025
4396,2547,1434,11/26/2025,11/29/2025
4397,1356,972,2/27/2025,3/2/2025
4398,2509,1689,12/21/2025,12/27/2025
4399,1535,1902,4/3/2026,4/22/2026
4400,2494,1324,2/4/2026,2/21/2026
4401,1364,991,4/16/2026,4/28/2026
4402,2974,724,4/1/2026,4/14/2026
4403,2230,1180,7/24/2025,8/4/2025
4404,1582,1882,11/22/2025,11/29/2025
4405,1323,1316,3/22/2026,4/3/2026
4406,2642,974,5/1/2026,5/20/2026
4407,1854,1154,7/6/2025,7/18/2025
4408,1154,251,2/19/2025,2/28/2025
4409,2189,638,4/4/2026,4/15/2026
4410,2237,905,7/6/2025,7/26/2025
4411,2710,1900,4/16/2025,4/20/2025
4412,1674,1903,9/28/2025,10/11/2025
4413,1758,239,2/15/2025,2/20/2025
4414,2510,1161,3/1/2025,3/16/2025
4415,2999,205,1/30/2025,2/16/2025
4416,1470,1694,1/28/2025,2/2/2025
4417,2482,1282,11/17/2025,11/22/2025
4418,1904,203,6/1/2025,6/5/2025
4419,2671,118,9/4/2025,9/10/2025
4420,2841,463,4/7/2025,4/18/2025
4421,1713,1954,9/5/2025,9/9/2025
4422,1734,647,1/3/2026,1/19/2026
4423,2837,527,11/10/2025,11/20/2025
4424,2060,1647,12/5/2025,12/10/2025
4425,2454,620,8/24/2025,8/29/2025
4426,2987,652,1/15/2025,1/21/2025
4427,1547,270,4/8/2025,4/18/2025
4428,1351,954,5/12/2026,5/28/2026
4429,1739,1659,1/25/2025,2/13/2025
4430,2741,1361,6/21/2025,6/29/2025
4431,2530,343,8/22/2025,9/11/2025
4432,2628,942,10/31/2025,11/11/2025
4433,1471,506,2/9/2026,2/27/2026
4434,2846,1528,12/13/2025,12/24/2025
4435,1960,1120,4/6/2025,4/19/2025
4436,1124,16,11/17/2025,12/7/2025
4437,1560,1681,4/3/2025,4/17/2025
4438,2701,68,2/4/2025,2/16/2025
4439,2421,729,5/5/2025,5/11/2025
4440,1519,704,4/17/2026,5/6/2026
4441,2556,599,8/14/2025,8/26/2025
4442,2446,147,7/5/2025,7/23/2025
4443,2385,707,3/10/2025,3/24/2025
4444,2640,186,5/9/2026,5/17/2026
4445,2241,1480,4/11/2026,4/19/2026
4446,1386,380,5/5/2026,5/19/2026
4447,2500,894,2/6/2026,2/9/2026
4448,2094,1535,2/10/2026,2/23/2026
4449,1485,699,9/2/2025,9/17/2025
4450,2386,5,8/22/2025,9/9/2025
4451,2959,1098,4/13/2025,5/1/2025
4452,2711,1849,3/2/2025,3/10/2025
4453,1917,1250,1/13/2026,1/26/2026
4454,2048,1496,3/16/2025,3/22/2025
4455,2236,1080,9/28/2025,10/13/2025
4456,1339,1924,5/9/2026,5/25/2026
4457,2792,163,5/10/2025,5/13/2025
4458,2833,1267,2/27/2025,3/2/2025
4459,2099,1685,5/5/2025,5/8/2025
4460,1696,1368,4/29/2025,5/14/2025
4461,1617,218,10/16/2025,10/28/2025
4462,1339,268,1/5/2025,1/24/2025
4463,1624,1129,11/17/2025,11/25/2025
4464,2505,1226,8/23/2025,9/10/2025
4465,2727,1981,1/9/2026,1/19/2026
4466,1863,1489,5/12/2026,5/16/2026
4467,1634,397,10/13/2025,10/25/2025
4468,2341,1924,1/8/2025,1/19/2025
4469,1592,686,3/7/2025,3/25/2025
4470,1713,412,2/1/2026,2/7/2026
4471,1344,996,6/22/2025,7/10/2025
4472,1706,173,5/4/2026,5/18/2026
4473,1651,514,11/7/2025,11/17/2025
4474,2951,867,6/1/2025,6/14/2025
4475,1334,1429,11/2/2025,11/7/2025
4476,2498,470,4/6/2025,4/11/2025
4477,1583,1245,7/30/2025,8/18/2025
4478,1677,1235,10/11/2025,10/31/2025
4479,1099,1777,8/25/2025,9/4/2025
4480,1668,590,11/28/2025,12/7/2025
4481,1251,28,7/3/2025,7/16/2025
4482,2582,1004,3/21/2026,4/7/2026
4483,2950,1654,9/28/2025,10/15/2025
4484,2470,821,5/16/2026,5/30/2026
4485,1656,853,3/21/2025,4/10/2025
4486,1074,744,4/23/2026,5/3/2026
4487,2150,1194,10/28/2025,11/3/2025
4488,2062,1229,3/24/2025,4/2/2025
4489,1678,372,9/30/2025,10/15/2025
4490,1552,1303,3/15/2025,3/23/2025
4491,1480,809,3/16/2025,3/21/2025
4492,1558,1715,1/26/2025,2/10/2025
4493,2704,1300,2/22/2025,3/11/2025
4494,2001,629,11/26/2025,12/8/2025
4495,2915,459,10/13/2025,10/23/2025
4496,2235,1466,4/28/2026,5/2/2026
4497,2250,1025,2/12/2026,2/16/2026
4498,2669,1004,12/8/2025,12/14/2025
4499,1916,15,11/29/2025,12/8/2025
4500,1687,1208,11/22/2025,12/6/2025
4501,1129,1946,12/23/2025,12/26/2025
4502,1923,690,1/8/2025,1/26/2025
4503,1937,1302,10/17/2025,11/2/2025
4504,1608,409,10/31/2025,11/9/2025
4505,2388,1300,8/9/2025,8/17/2025
4506,1661,268,10/22/2025,11/6/2025
4507,2042,167,3/21/2025,4/7/2025
4508,1224,29,3/16/2025,3/19/2025
4509,2050,1941,8/29/2025,9/10/2025
4510,2938,1060,11/8/2025,11/18/2025
4511,1187,1227,6/12/2025,6/23/2025
4512,2015,685,1/3/2025,1/13/2025
4513,1461,1419,4/19/2025,4/22/2025
4514,1782,1769,3/22/2025,3/29/2025
4515,2808,1317,3/11/2026,3/27/2026
4516,2119,1454,8/1/2025,8/15/2025
4517,2498,1519,10/23/2025,11/3/2025
4518,1234,21,2/24/2025,3/5/2025
4519,1867,1698,1/19/2026,2/3/2026
4520,2911,1179,2/26/2026,3/9/2026
4521,2157,1893,5/26/2025,5/30/2025
4522,1253,661,2/22/2026,3/14/2026
4523,2175,1383,4/26/2026,5/3/2026
4524,1567,82,5/4/2025,5/16/2025
4525,2516,1129,6/19/2025,6/23/2025
4526,1374,233,6/18/2025,6/21/2025
4527,1766,3,3/26/2025,4/3/2025
4528,2291,861,6/8/2025,6/25/2025
4529,2059,956,1/6/2026,1/17/2026
4530,2741,19,11/24/2025,12/8/2025
4531,2292,1737,4/5/2025,4/18/2025
4532,1918,922,4/11/2025,4/26/2025
4533,1559,1907,1/8/2026,1/21/2026
4534,2071,408,1/23/2026,2/6/2026
4535,2011,638,10/1/2025,10/10/2025
4536,2153,1194,4/6/2025,4/25/2025
4537,2566,462,8/2/2025,8/21/2025
4538,1049,1573,7/26/2025,8/1/2025
4539,1506,311,2/23/2025,3/5/2025
4540,2021,752,8/10/2025,8/23/2025
4541,2301,1631,1/25/2026,2/1/2026
4542,2999,158,2/14/2025,2/17/2025
4543,2872,1915,12/24/2025,1/2/2026
4544,2531,1940,4/12/2026,5/2/2026
4545,1293,1569,1/5/2025,1/15/2025
4546,1242,250,5/4/2025,5/15/2025
4547,1515,695,5/15/2026,5/21/2026
4548,2444,416,7/8/2025,7/17/2025
4549,2996,633,6/14/2025,6/23/2025
4550,2178,523,9/3/2025,9/12/2025
4551,1366,653,7/9/2025,7/28/2025
4552,2121,418,2/6/2026,2/12/2026
4553,1990,1485,5/4/2026,5/9/2026
4554,2534,1842,1/17/2026,1/30/2026
4555,1712,1046,4/13/2026,4/17/2026
4556,1547,1052,8/24/2025,9/1/2025
4557,1265,100,6/21/2025,7/2/2025
4558,2762,452,2/18/2026,2/23/2026
4559,1780,1472,7/10/2025,7/21/2025
4560,2261,1814,7/18/2025,8/4/2025
4561,2181,928,12/6/2025,12/26/2025
4562,2940,269,1/31/2026,2/20/2026
4563,1187,1829,3/25/2026,4/3/2026
4564,2161,1924,12/15/2025,12/21/2025
4565,2023,813,8/17/2025,9/6/2025
4566,2317,405,3/19/2025,4/7/2025
4567,2074,220,3/10/2026,3/14/2026
4568,2094,719,1/6/2026,1/17/2026
4569,1629,1751,5/4/2026,5/10/2026
4570,1278,993,2/10/2025,2/15/2025
4571,1884,1681,2/1/2026,2/19/2026
4572,2769,1334,1/17/2026,1/25/2026
4573,2691,396,11/2/2025,11/6/2025
4574,1698,1975,5/1/2025,5/20/2025
4575,2012,477,10/9/2025,10/29/2025
4576,1060,1722,1/9/2025,1/23/2025
4577,1611,316,5/6/2026,5/14/2026
4578,2072,932,5/9/2025,5/20/2025
4579,2963,812,4/21/2026,5/5/2026
4580,1143,322,12/27/2025,1/12/2026
4581,1417,577,4/23/2026,5/10/2026
4582,2612,1050,2/5/2026,2/8/2026
4583,2376,1838,2/19/2026,3/10/2026
4584,1760,827,4/30/2025,5/7/2025
4585,1686,1774,8/9/2025,8/16/2025
4586,2934,1606,8/2/2025,8/13/2025
4587,2282,462,2/15/2026,3/2/2026
4588,1982,1568,6/18/2025,6/27/2025
4589,1741,99,11/25/2025,12/11/2025
4590,2400,460,4/23/2026,5/3/2026
4591,2896,1284,4/18/2025,5/4/2025
4592,1793,140,7/16/2025,7/23/2025
4593,2709,1268,3/29/2026,4/9/2026
4594,2758,1724,10/8/2025,10/23/2025
4595,1053,1965,2/3/2025,2/16/2025
4596,2278,1969,2/6/2026,2/19/2026
4597,2861,115,7/16/2025,7/28/2025
4598,1051,593,3/27/2026,4/6/2026
4599,2117,1516,9/21/2025,10/5/2025
4600,2250,868,1/10/2026,1/26/2026
4601,2479,321,2/14/2026,2/27/2026
4602,1513,910,8/22/2025,9/1/2025
4603,2246,1008,10/14/2025,10/17/2025
4604,1822,943,9/1/2025,9/7/2025
4605,1152,1327,3/2/2026,3/17/2026
4606,1786,118,2/1/2025,2/9/2025
4607,2635,1981,9/30/2025,10/19/2025
4608,2275,680,2/26/2025,3/14/2025
4609,1451,288,3/25/2025,4/7/2025
4610,2046,1418,8/28/2025,9/11/2025
4611,1559,1235,8/27/2025,8/30/2025
4612,2975,741,4/25/2025,5/1/2025
4613,2191,598,3/3/2026,3/8/2026
4614,2816,72,3/14/2026,3/24/2026
4615,2119,1199,4/26/2026,5/10/2026
4616,2095,836,5/1/2026,5/9/2026
4617,2023,941,8/5/2025,8/15/2025
4618,1918,1192,6/22/2025,6/29/2025
4619,1503,1636,1/23/2025,2/6/2025
4620,1270,1709,10/17/2025,10/20/2025
4621,1211,686,1/3/2025,1/10/2025
4622,2474,608,4/21/2026,5/5/2026
4623,1321,1665,2/28/2026,3/15/2026
4624,1434,553,2/6/2026,2/18/2026
4625,2544,1230,4/20/2026,4/26/2026
4626,2631,976,5/11/2025,5/29/2025
4627,2934,681,3/13/2025,4/2/2025
4628,1178,404,6/20/2025,7/2/2025
4629,1828,1835,8/24/2025,8/29/2025
4630,1971,1208,2/18/2025,3/10/2025
4631,1912,307,5/13/2026,5/18/2026
4632,1086,1069,1/14/2026,1/20/2026
4633,2751,1764,4/12/2026,4/28/2026
4634,2638,1764,10/6/2025,10/16/2025
4635,2079,1061,11/13/2025,11/21/2025
4636,2401,335,4/26/2026,5/14/2026
4637,1541,800,8/24/2025,8/30/2025
4638,2899,836,3/2/2025,3/8/2025
4639,1404,892,2/5/2025,2/19/2025
4640,1911,106,8/14/2025,8/25/2025
4641,1092,1773,8/28/2025,9/10/2025
4642,2476,1799,12/25/2025,1/10/2026
4643,2301,1329,1/16/2026,1/25/2026
4644,2311,1040,12/20/2025,1/3/2026
4645,2772,1521,4/23/2026,5/6/2026
4646,1803,1108,4/30/2025,5/12/2025
4647,1365,1097,11/6/2025,11/22/2025
4648,1073,1873,1/1/2025,1/9/2025
4649,2400,388,10/23/2025,10/27/2025
4650,1638,550,10/18/2025,10/25/2025
4651,1079,106,12/31/2025,1/20/2026
4652,2152,1613,5/23/2025,5/28/2025
4653,1410,1345,1/30/2025,2/12/2025
4654,2008,106,3/11/2026,3/16/2026
4655,1549,1215,3/13/2026,3/26/2026
4656,2345,903,9/21/2025,9/27/2025
4657,1380,1856,12/11/2025,12/24/2025
4658,1160,1913,4/24/2025,5/3/2025
4659,1460,1470,1/30/2026,2/18/2026
4660,1310,1011,4/14/2025,4/20/2025
4661,1765,161,4/20/2025,4/30/2025
4662,1211,303,1/11/2026,1/29/2026
4663,1673,1197,11/1/2025,11/8/2025
4664,1190,984,8/12/2025,8/18/2025
4665,2245,200,8/26/2025,9/10/2025
4666,2024,172,8/10/2025,8/29/2025
4667,2519,1503,5/6/2025,5/20/2025
4668,1953,276,3/2/2025,3/18/2025
4669,2035,1810,1/5/2026,1/13/2026
4670,1510,1944,11/8/2025,11/15/2025
4671,1826,804,7/24/2025,8/11/2025
4672,1734,368,4/17/2026,5/2/2026
4673,1062,1735,12/30/2025,1/16/2026
4674,1924,442,3/8/2025,3/11/2025
4675,2184,1694,10/28/2025,11/11/2025
4676,1388,98,8/11/2025,8/29/2025
4677,1336,1079,11/25/2025,12/2/2025
4678,2451,73,2/27/2026,3/3/2026
4679,1138,483,8/9/2025,8/17/2025
4680,1507,1193,5/5/2026,5/11/2026
4681,1489,154,5/4/2025,5/16/2025
4682,1924,595,5/2/2026,5/16/2026
4683,1089,766,2/14/2026,2/22/2026
4684,1739,1808,6/13/2025,6/28/2025
4685,1006,168,4/19/2026,4/28/2026
4686,1957,1114,10/26/2025,11/11/2025
4687,1700,1248,4/28/2026,5/7/2026
4688,1294,495,8/15/2025,8/19/2025
4689,2732,1310,1/2/2025,1/9/2025
4690,1275,1845,11/9/2025,11/13/2025
4691,1946,42,11/28/2025,12/7/2025
4692,1790,18,5/12/2026,5/19/2026
4693,2272,152,3/12/2026,3/23/2026
4694,2843,1599,5/13/2026,5/19/2026
4695,1155,1146,4/20/2026,5/1/2026
4696,2782,860,3/19/2026,4/1/2026
4697,1941,342,2/2/2025,2/17/2025
4698,1723,854,4/5/2026,4/8/2026
4699,2218,404,6/24/2025,6/30/2025
4700,1877,526,11/18/2025,12/8/2025
4701,1300,9,1/17/2025,1/26/2025
4702,2803,710,7/28/2025,8/13/2025
4703,1903,523,9/24/2025,10/4/2025
4704,2423,1457,4/19/2025,4/24/2025
4705,1669,1785,10/22/2025,11/7/2025
4706,2278,1919,2/25/2026,3/16/2026
4707,1297,1913,3/31/2025,4/7/2025
4708,2193,1856,10/1/2025,10/16/2025
4709,1087,50,2/17/2026,3/4/2026
4710,2989,858,7/7/2025,7/25/2025
4711,1572,844,3/22/2025,4/10/2025
4712,2108,319,6/9/2025,6/16/2025
4713,2766,716,3/9/2025,3/13/2025
4714,2403,133,6/25/2025,6/30/2025
4715,1312,1761,9/4/2025,9/7/2025
4716,1710,1181,3/18/2026,3/29/2026
4717,1219,831,7/2/2025,7/5/2025
4718,1205,611,1/27/2026,1/30/2026
4719,1591,360,2/20/2026,3/4/2026
4720,1487,249,2/17/2025,2/20/2025
4721,2321,266,5/16/2026,5/20/2026
4722,2666,1764,10/8/2025,10/26/2025
4723,1791,1809,4/18/2025,5/6/2025
4724,2824,1863,2/16/2025,3/8/2025
4725,2615,1226,4/17/2026,4/20/2026
4726,2556,1140,11/10/2025,11/20/2025
4727,1184,1551,3/8/2026,3/14/2026
4728,2866,1543,1/10/2025,1/24/2025
4729,2274,215,12/29/2025,1/10/2026
4730,1329,772,6/20/2025,7/3/2025
4731,1767,1018,11/27/2025,12/2/2025
4732,1651,1516,10/27/2025,11/12/2025
4733,1348,898,5/6/2026,5/23/2026
4734,1300,245,10/1/2025,10/10/2025
4735,1131,835,6/23/2025,7/9/2025
4736,1581,1026,4/11/2025,4/26/2025
4737,1929,1945,2/18/2025,2/26/2025
4738,1287,1341,5/7/2025,5/14/2025
4739,1779,166,6/9/2025,6/16/2025
4740,2790,478,11/19/2025,11/24/2025
4741,1241,1793,5/9/2025,5/19/2025
4742,2343,1414,11/5/2025,11/15/2025
4743,2136,1847,1/8/2026,1/24/2026
4744,2189,521,1/3/2025,1/21/2025
4745,1301,85,7/11/2025,7/14/2025
4746,1125,1658,12/16/2025,1/2/2026
4747,1298,759,7/16/2025,7/28/2025
4748,1222,302,11/19/2025,12/5/2025
4749,1216,1253,8/16/2025,9/1/2025
4750,2471,1753,3/26/2026,3/31/2026
4751,2159,1446,5/15/2026,5/29/2026
4752,2496,622,1/25/2026,1/31/2026
4753,1118,1576,3/8/2026,3/15/2026
4754,2342,1799,2/4/2026,2/11/2026
4755,1107,1133,3/7/2025,3/24/2025
4756,1100,1140,4/5/2025,4/25/2025
4757,2179,1333,3/18/2026,4/7/2026
4758,1629,1676,5/25/2025,6/10/2025
4759,2535,169,5/6/2026,5/22/2026
4760,2695,1758,1/13/2025,1/31/2025
4761,2613,532,5/26/2025,6/11/2025
4762,1287,1677,4/28/2025,5/1/2025
4763,2332,1834,1/12/2025,1/19/2025
4764,1233,1647,7/31/2025,8/11/2025
4765,1729,1623,3/14/2026,4/1/2026
4766,2446,1836,5/13/2025,5/20/2025
4767,2473,1987,3/10/2026,3/14/2026
4768,2163,1792,10/6/2025,10/26/2025
4769,1128,1423,5/11/2025,5/26/2025
4770,1464,806,10/3/2025,10/17/2025
4771,2045,1907,11/3/2025,11/20/2025
4772,2139,989,5/5/2026,5/8/2026
4773,2814,304,4/30/2026,5/20/2026
4774,1552,1069,9/28/2025,10/7/2025
4775,1267,72,11/3/2025,11/6/2025
4776,2528,908,4/9/2025,4/21/2025
4777,2276,1892,11/12/2025,11/23/2025
4778,1109,1628,9/18/2025,9/29/2025
4779,1905,1958,8/4/2025,8/19/2025
4780,2963,1308,6/2/2025,6/21/2025
4781,2066,1956,6/17/2025,7/7/2025
4782,2730,1137,1/17/2026,2/6/2026
4783,1451,1397,8/3/2025,8/10/2025
4784,2023,815,4/1/2026,4/5/2026
4785,1171,1939,2/26/2026,3/8/2026
4786,2305,1554,2/22/2026,3/11/2026
4787,2124,1366,9/19/2025,10/1/2025
4788,2786,1329,2/24/2026,3/7/2026
4789,2027,52,11/21/2025,12/6/2025
4790,1944,453,3/24/2026,3/31/2026
4791,1937,920,12/25/2025,1/13/2026
4792,2250,404,11/23/2025,12/6/2025
4793,2925,1253,5/14/2026,5/24/2026
4794,2325,215,7/22/2025,7/29/2025
4795,1548,510,1/1/2026,1/19/2026
4796,2514,1391,4/15/2025,4/27/2025
4797,2254,600,2/25/2026,3/12/2026
4798,1910,1959,1/17/2026,2/3/2026
4799,1437,1368,8/7/2025,8/23/2025
4800,1824,933,3/17/2025,4/1/2025
4801,2110,1101,10/5/2025,10/10/2025
4802,1671,1796,6/17/2025,6/22/2025
4803,2570,1224,12/28/2025,1/13/2026
4804,2143,1738,7/2/2025,7/9/2025
4805,2505,1620,7/26/2025,8/8/2025
4806,1332,1556,11/30/2025,12/8/2025
4807,1606,452,4/15/2025,4/29/2025
4808,1439,1553,6/26/2025,7/15/2025
4809,1857,209,1/18/2026,1/28/2026
4810,1145,1986,4/9/2026,4/20/2026
4811,2873,957,1/10/2026,1/17/2026
4812,1714,1741,3/29/2025,4/18/2025
4813,2635,1789,2/14/2025,2/20/2025
4814,2031,1815,3/17/2026,4/3/2026
4815,2466,298,3/9/2026,3/28/2026
4816,2525,82,7/16/2025,7/26/2025
4817,2601,1670,11/12/2025,11/20/2025
4818,2047,1022,11/20/2025,11/23/2025
4819,2157,1749,3/5/2026,3/12/2026
4820,2131,1811,1/4/2025,1/11/2025
4821,2166,202,4/25/2026,4/28/2026
4822,2678,390,2/20/2026,3/5/2026
4823,1029,1299,5/26/2025,6/7/2025
4824,1162,1794,12/13/2025,1/1/2026
4825,2963,1651,5/20/2025,5/29/2025
4826,1161,987,1/30/2026,2/5/2026
4827,1747,634,4/4/2026,4/8/2026
4828,2505,1528,4/24/2025,5/12/2025
4829,2305,1233,1/9/2026,1/16/2026
4830,2635,121,11/6/2025,11/23/2025
4831,2338,182,5/12/2025,5/16/2025
4832,1952,1400,2/19/2026,3/3/2026
4833,2971,1527,10/11/2025,10/19/2025
4834,2919,1468,7/12/2025,7/27/2025
4835,1701,1997,1/5/2025,1/12/2025
4836,1520,361,1/31/2026,2/6/2026
4837,1132,1692,3/22/2025,3/30/2025
4838,2511,1863,1/7/2026,1/23/2026
4839,1969,1962,2/8/2025,2/27/2025
4840,1266,680,2/4/2026,2/17/2026
4841,2411,1189,2/26/2026,3/17/2026
4842,1422,1203,1/20/2025,2/1/2025
4843,1366,762,3/4/2026,3/11/2026
4844,1380,1365,11/24/2025,12/10/2025
4845,1925,1509,4/9/2025,4/12/2025
4846,1771,1280,11/17/2025,12/2/2025
4847,1902,279,9/27/2025,10/8/2025
4848,1251,146,2/28/2026,3/18/2026
4849,1590,1835,8/12/2025,8/31/2025
4850,1887,577,12/29/2025,1/3/2026
4851,2893,719,1/11/2026,1/14/2026
4852,1384,279,5/12/2025,5/21/2025
4853,2735,502,3/7/2026,3/19/2026
4854,1304,1366,5/14/2026,5/30/2026
4855,1797,418,3/5/2025,3/13/2025
4856,2306,142,7/7/2025,7/10/2025
4857,2838,1023,8/12/2025,8/21/2025
4858,2480,1587,12/18/2025,12/21/2025
4859,2617,1097,1/23/2025,2/6/2025
4860,2822,294,1/28/2025,2/6/2025
4861,2197,1358,2/3/2025,2/13/2025
4862,2526,1549,4/3/2026,4/9/2026
4863,1371,1867,5/6/2026,5/19/2026
4864,1699,1677,7/16/2025,7/23/2025
4865,1617,1133,8/8/2025,8/25/2025
4866,1270,1216,3/21/2025,4/1/2025
4867,1849,713,12/5/2025,12/24/2025
4868,1759,1547,5/7/2025,5/23/2025
4869,1647,688,1/26/2025,2/3/2025
4870,1139,1961,10/17/2025,10/30/2025
4871,1163,329,2/9/2026,2/23/2026
4872,1149,573,5/3/2026,5/12/2026
4873,2620,66,3/15/2026,4/1/2026
4874,1813,374,5/2/2026,5/5/2026
4875,1625,738,1/19/2025,2/6/2025
4876,2701,1262,12/28/2025,1/16/2026
4877,1028,1218,8/5/2025,8/20/2025
4878,2814,1253,3/31/2025,4/12/2025
4879,1843,1417,4/3/2025,4/21/2025
4880,1199,1082,8/28/2025,9/15/2025
4881,2791,1796,5/3/2026,5/12/2026
4882,2495,1258,3/1/2025,3/20/2025
4883,2881,1786,2/26/2026,3/10/2026
4884,1820,878,3/27/2025,4/11/2025
4885,2495,1635,12/11/2025,12/30/2025
4886,2923,1236,10/6/2025,10/25/2025
4887,2244,655,11/21/2025,12/1/2025
4888,1350,1528,4/20/2025,4/25/2025
4889,1200,438,4/14/2025,4/28/2025
4890,1327,267,12/19/2025,1/7/2026
4891,1440,1273,7/14/2025,7/25/2025
4892,2820,877,8/10/2025,8/25/2025
4893,2825,459,11/10/2025,11/26/2025
4894,1224,1113,7/9/2025,7/26/2025
4895,2453,1022,11/6/2025,11/22/2025
4896,2308,85,12/20/2025,12/28/2025
4897,2053,1243,12/20/2025,12/26/2025
4898,1013,1318,10/9/2025,10/14/2025
4899,1723,1638,5/13/2026,5/31/2026
4900,1893,1314,2/8/2025,2/14/2025
4901,1115,1062,4/29/2025,5/4/2025
4902,1214,80,2/27/2026,3/3/2026
4903,1750,1438,3/12/2026,3/19/2026
4904,1106,424,8/8/2025,8/27/2025
4905,2480,1051,12/28/2025,1/1/2026
4906,2439,763,5/9/2025,5/26/2025
4907,1806,495,11/2/2025,11/17/2025
4908,2603,244,5/15/2026,6/4/2026
4909,1662,1471,10/20/2025,10/24/2025
4910,2694,1170,3/31/2025,4/3/2025
4911,1144,1514,8/28/2025,9/5/2025
4912,2791,791,3/5/2025,3/21/2025
4913,2770,900,3/26/2026,4/9/2026
4914,2980,449,3/21/2025,4/3/2025
4915,1599,903,4/13/2026,5/2/2026
4916,1844,761,11/3/2025,11/19/2025
4917,1575,1250,10/19/2025,10/27/2025
4918,2092,1331,5/7/2026,5/14/2026
4919,2371,1774,6/21/2025,7/1/2025
4920,2608,223,2/15/2025,2/21/2025
4921,2494,1212,4/29/2025,5/7/2025
4922,2678,1684,6/19/2025,7/5/2025
4923,2797,205,11/17/2025,12/4/2025
4924,2844,259,12/31/2025,1/18/2026
4925,1797,1230,5/17/2025,6/3/2025
4926,2029,891,10/2/2025,10/13/2025
4927,2413,1020,8/8/2025,8/14/2025
4928,2490,1630,3/29/2026,4/2/2026
4929,1479,1170,9/27/2025,10/13/2025
4930,2192,1366,1/25/2026,2/8/2026
4931,1870,1351,3/15/2026,3/24/2026
4932,2899,1157,3/19/2025,4/5/2025
4933,1834,753,1/15/2026,1/25/2026
4934,2623,1318,10/27/2025,11/13/2025
4935,1514,129,10/8/2025,10/25/2025
4936,2921,337,11/3/2025,11/11/2025
4937,1987,1009,11/8/2025,11/17/2025
4938,2721,1215,8/30/2025,9/18/2025
4939,2222,817,11/29/2025,12/8/2025
4940,1516,61,4/6/2025,4/13/2025
4941,2703,1103,8/17/2025,9/2/2025
4942,1670,16,4/23/2026,4/30/2026
4943,2349,820,1/10/2026,1/18/2026
4944,2093,1015,7/22/2025,8/11/2025
4945,1247,1353,10/29/2025,11/9/2025
4946,1144,1179,4/16/2025,4/19/2025
4947,2049,1186,11/28/2025,12/13/2025
4948,1515,1727,4/18/2026,4/24/2026
4949,1829,438,7/22/2025,8/11/2025
4950,1630,356,10/23/2025,11/12/2025
4951,1385,1032,9/16/2025,9/27/2025
4952,1991,1950,11/28/2025,12/5/2025
4953,1350,1716,2/1/2025,2/13/2025
4954,1111,909,2/28/2025,3/11/2025
4955,1119,239,10/12/2025,10/30/2025
4956,2261,1479,7/4/2025,7/24/2025
4957,2610,150,3/20/2025,4/6/2025
4958,2286,1269,5/11/2025,5/26/2025
4959,2598,586,2/14/2026,3/6/2026
4960,2578,1398,1/1/2025,1/15/2025
4961,1895,1312,11/8/2025,11/15/2025
4962,2726,1800,10/15/2025,10/19/2025
4963,1667,1952,12/22/2025,1/11/2026
4964,2947,996,9/26/2025,10/2/2025
4965,2061,812,4/5/2025,4/17/2025
4966,1643,1865,8/26/2025,9/1/2025
4967,1754,207,3/30/2026,4/3/2026
4968,1083,908,2/4/2025,2/15/2025
4969,1304,1607,10/30/2025,11/11/2025
4970,1059,711,1/10/2026,1/13/2026
4971,2580,312,2/16/2026,2/21/2026
4972,1144,324,4/10/2025,4/20/2025
4973,1645,654,2/12/2026,2/23/2026
4974,1556,1131,7/5/2025,7/16/2025
4975,1152,451,5/10/2026,5/20/2026
4976,2324,381,6/7/2025,6/10/2025
4977,2522,195,11/10/2025,11/16/2025
4978,1272,842,1/31/2026,2/14/2026
4979,2481,1836,12/22/2025,1/10/2026
4980,2968,174,2/11/2026,3/1/2026
4981,1554,163,9/4/2025,9/7/2025
4982,1947,1257,2/15/2025,3/3/2025
4983,2600,713,10/24/2025,10/31/2025
4984,2634,678,2/13/2026,2/25/2026
4985,1207,1754,5/10/2025,5/20/2025
4986,1927,1736,12/30/2025,1/9/2026
4987,2103,1356,4/15/2026,4/21/2026
4988,2067,1314,4/3/2025,4/6/2025
4989,2682,68,2/11/2026,3/1/2026
4990,1321,751,5/20/2025,6/9/2025
4991,2421,1100,9/14/2025,9/18/2025
4992,2653,888,5/13/2026,5/28/2026
4993,2227,388,4/10/2025,4/22/2025
4994,2313,921,7/26/2025,8/5/2025
4995,2339,443,1/26/2025,2/7/2025
4996,2388,1665,12/12/2025,12/30/2025
4997,1373,896,2/9/2026,2/25/2026
4998,1956,1665,1/8/2026,1/28/2026
4999,1171,1770,6/13/2025,6/19/2025
5000,2949,1232,11/24/2025,12/7/2025
